tests/unit/pipeline/test_field_filtering.py::TestFilterToFieldsJson::test_json_filter_projects_declared_keys
tests/unit/pipeline/test_field_filtering.py::TestFilterToFieldsJson::test_invalid_json_escape_hatch
tests/unit/pipeline/test_field_filtering.py::TestFilterToFieldsMarkdown::test_escape_hatch_returns_full_text_when_no_fields_match
tests/unit/pipeline/test_field_filtering.py::TestFilterToFieldsMarkdown::test_markdown_filter_keeps_declared_sections
tests/unit/pipeline/test_field_filtering.py::TestFilterToFieldsPassthrough::test_empty_fields_no_filter
tests/unit/pipeline/test_field_filtering.py::TestFilterToFieldsPassthrough::test_unknown_extension_no_filter
tests/pipeline/test_dispatch_helper_glob.py::test_glob_missing_returns_empty
tests/pipeline/test_dispatch_helper_glob.py::test_glob_non_wildcard_returns_single
tests/pipeline/test_dispatch_helper_glob.py::test_glob_wildcard_expands
tests/pipeline/test_title_gate_integration.py::TestRunG4ChecksIntegration::test_empty_for_missing_chapter
tests/pipeline/test_title_gate_integration.py::TestRunG4ChecksIntegration::test_short_chinese_title_still_valid
tests/pipeline/test_title_gate_integration.py::TestRunG4ChecksIntegration::test_detects_chapter_number_in_title
tests/pipeline/test_title_gate_integration.py::TestRunG4ChecksIntegration::test_good_title_passes
tests/pipeline/test_title_gate_integration.py::TestRunG4ChecksIntegration::test_detects_day_label_in_title
tests/pipeline/test_title_gate_integration.py::TestRunG4ChecksIntegration::test_returns_issues_list
tests/pipeline/test_title_gate_integration.py::TestRunG4ChecksIntegration::test_detects_duplicate_title
tests/pipeline/test_title_gate_integration.py::TestLoadPreviousTitles::test_returns_empty_for_first_chapter
tests/pipeline/test_title_gate_integration.py::TestLoadPreviousTitles::test_excludes_current_and_future_chapters
tests/pipeline/test_title_gate_integration.py::TestLoadPreviousTitles::test_handles_missing_chapters_dir
tests/pipeline/test_title_gate_integration.py::TestLoadPreviousTitles::test_loads_previous_chapter_titles
tests/pipeline/test_title_gate_integration.py::TestExtractChapterTitle::test_extracts_h1_title
tests/pipeline/test_title_gate_integration.py::TestExtractChapterTitle::test_extracts_title_with_chapter_prefix
tests/pipeline/test_title_gate_integration.py::TestExtractChapterTitle::test_returns_empty_for_missing_file
tests/pipeline/test_title_gate_integration.py::TestExtractChapterTitle::test_returns_empty_for_no_h1
tests/unit/test_error_guidance.py::TestGetGuidance::test_returns_none_for_base_exception
tests/unit/test_error_guidance.py::TestGetGuidance::test_subclass_of_known_error_returns_none
tests/unit/test_error_guidance.py::TestGetGuidance::test_returns_none_for_unknown_error
tests/unit/test_error_guidance.py::TestGetGuidance::test_returns_guidance_for_known_error
tests/unit/test_error_guidance.py::TestErrorGuidanceCatalog::test_known_errors_have_guidance[GateMarkerMissingError]
tests/unit/test_error_guidance.py::TestErrorGuidanceCatalog::test_all_entries_have_action
tests/unit/test_error_guidance.py::TestErrorGuidanceCatalog::test_known_errors_have_guidance[ToolTamperError]
tests/unit/test_error_guidance.py::TestErrorGuidanceCatalog::test_known_errors_have_guidance[SubAgentTimeoutError]
tests/unit/test_error_guidance.py::TestErrorGuidanceCatalog::test_known_errors_have_guidance[RegistryStaleError]
tests/unit/test_error_guidance.py::TestErrorGuidanceCatalog::test_all_entries_are_error_guidance_instances
tests/unit/test_error_guidance.py::TestErrorGuidanceCatalog::test_all_entries_have_explanation
tests/unit/test_error_guidance.py::TestErrorGuidanceCatalog::test_known_errors_have_guidance[SchemaValidationError]
tests/unit/test_error_guidance.py::TestErrorGuidanceCatalog::test_catalog_is_non_empty
tests/unit/test_error_guidance.py::TestErrorGuidanceCatalog::test_known_errors_have_guidance[RegistryMissingError]
tests/unit/test_pytest_framework.py::test_tmp_project_dir_fixture_creates_dir
tests/unit/test_pytest_framework.py::test_benchmark_marker_works
tests/unit/test_pytest_framework.py::test_property_marker_works
tests/unit/test_pytest_framework.py::test_sample_worldbuilding_fixture_writes_files
tests/unit/test_pytest_framework.py::test_integration_marker_works
tests/unit/test_pytest_framework.py::test_unit_marker_works
tests/unit/pipeline/test_skill_integration.py::TestSnapshotManageFullProject::test_manifest_has_checksums
tests/unit/pipeline/test_skill_integration.py::TestSnapshotManageFullProject::test_snapshot_kind_documented
tests/unit/pipeline/test_skill_integration.py::TestSnapshotManageFullProject::test_full_project_reads_in_contract
tests/unit/pipeline/test_skill_integration.py::TestMemoryDistillDensityTrigger::test_density_thresholds_documented[> 60-state-settling changes]
tests/unit/pipeline/test_skill_integration.py::TestMemoryDistillDensityTrigger::test_density_trigger_section_present
tests/unit/pipeline/test_skill_integration.py::TestMemoryDistillDensityTrigger::test_density_thresholds_documented[> 15-pending_hooks additions]
tests/unit/pipeline/test_skill_integration.py::TestMemoryDistillDensityTrigger::test_density_thresholds_documented[> 20-character_matrix changes]
tests/unit/pipeline/test_skill_integration.py::TestStyleLearningBootstrap::test_normal_mode_reads_unchanged
tests/unit/pipeline/test_skill_integration.py::TestStyleLearningBootstrap::test_bootstrap_mode_documented
tests/unit/pipeline/test_skill_integration.py::TestStyleLearningBootstrap::test_bootstrap_reads_in_contract
tests/unit/pipeline/test_skill_integration.py::TestChapterDraftingContextRead::test_pipeline_integration_note_present
tests/unit/pipeline/test_skill_integration.py::TestChapterDraftingContextRead::test_context_in_reads
tests/unit/pipeline/test_skill_integration.py::TestContextComposingPipelineMode::test_reads_pre_assembled_package
tests/unit/pipeline/test_skill_integration.py::TestContextComposingPipelineMode::test_contract_is_artifact_with_decisions_write
tests/unit/pipeline/test_skill_integration.py::TestContextComposingPipelineMode::test_pipeline_integration_section_present
tests/unit/pipeline/test_skill_integration.py::TestForeshadowingPlantGenesis::test_genesis_reads_in_contract
tests/unit/pipeline/test_skill_integration.py::TestForeshadowingPlantGenesis::test_per_chapter_reads_unchanged
tests/unit/pipeline/test_skill_integration.py::TestForeshadowingPlantGenesis::test_genesis_mode_section_present
tests/unit/pipeline/test_skill_integration.py::TestCrossSkillConsistency::test_foreshadowing_genesis_reads_are_outline_outputs
tests/unit/pipeline/test_skill_integration.py::TestCrossSkillConsistency::test_style_bootstrap_reads_are_pipeline_configs
tests/unit/pipeline/test_skill_integration.py::TestCrossSkillConsistency::test_context_package_consumers_agree
tests/unit/pipeline/test_skill_integration.py::TestCharacterDesignExpand::test_contract_unchanged
tests/unit/pipeline/test_skill_integration.py::TestCharacterDesignExpand::test_expand_mode_section_present
tests/unit/pipeline/test_skill_integration.py::TestCharacterDesignExpand::test_expand_mode_is_append_only
tests/unit/pipeline/test_skill_integration.py::TestDriftGuidanceWindow::test_rolling_window_documented
tests/unit/pipeline/test_skill_integration.py::TestDriftGuidanceWindow::test_archive_path_documented
tests/unit/pipeline/test_resonance_persistence.py::test_trend_row_has_placeholder_columns_for_missing_dims
tests/unit/pipeline/test_resonance_persistence.py::test_persist_via_write_truth_file_round_trips_through_reader
tests/unit/pipeline/test_resonance_persistence.py::test_trend_row_key_column_is_chapter_number
tests/unit/pipeline/test_resonance_persistence.py::test_trend_row_has_seven_columns_with_overall_in_column_7
tests/unit/pipeline/test_resonance_persistence.py::test_re_persist_same_chapter_replaces_row_in_place
tests/unit/test_scoring_property.py::test_classify_returns_conditional_between_60_and_74
tests/unit/test_scoring_property.py::test_classify_returns_excellent_at_or_above_90
tests/unit/test_scoring_property.py::test_score_above_100_is_always_rejected
tests/unit/test_scoring_property.py::test_classify_always_returns_one_of_four_labels
tests/unit/test_scoring_property.py::test_classify_returns_acceptable_between_75_and_89
tests/unit/test_scoring_property.py::test_uniform_score_equals_that_score
tests/unit/test_scoring_property.py::test_all_perfect_scores_produces_one_hundred
tests/unit/test_scoring_property.py::test_negative_score_is_always_rejected
tests/unit/test_scoring_property.py::test_classify_returns_fail_below_60
tests/unit/test_scoring_property.py::test_kill_switch_always_returns_zero
tests/unit/test_scoring_property.py::test_compute_score_is_always_in_zero_to_one_hundred
tests/unit/test_scoring_property.py::test_all_zero_scores_produces_zero
tests/unit/test_scoring_property.py::test_valid_complete_scores_validate_clean
tests/unit/test_safe_write.py::test_safe_write_lockfile_fallback_cleanup_posix
tests/unit/test_safe_write.py::test_safe_write_no_lockfile_leak
tests/unit/test_safe_write.py::test_safe_write_atomic_no_residue
tests/unit/test_safe_write.py::test_lockfile_has_correct_permissions
tests/unit/test_safe_write.py::test_safe_write_persists_content
tests/unit/test_safe_write.py::test_safe_write_accepts_bytes
tests/unit/test_safe_write.py::test_lockfile_permissions_are_set_via_os_chmod
tests/unit/test_safe_write.py::test_safe_write_traces_when_round_given
tests/unit/config/test_config_coherence.py::TestUpdateGenreConfig::test_critical_dim_requires_long_rationale
tests/unit/config/test_config_coherence.py::TestUpdateGenreConfig::test_floor_too_low_blocks_update
tests/unit/config/test_config_coherence.py::TestUpdateGenreConfig::test_audit_trail_entry_appended
tests/unit/config/test_config_coherence.py::TestUpdateGenreConfig::test_non_critical_dim_can_be_disabled_without_rationale
tests/unit/config/test_config_coherence.py::TestUpdateGenreConfig::test_critical_dim_accepts_long_rationale
tests/unit/contracts/test_foreshadowing_resolve_contract.py::test_zone_computed_from_cp
tests/unit/contracts/test_foreshadowing_resolve_contract.py::test_cp_thresholds_constants
tests/unit/contracts/test_foreshadowing_resolve_contract.py::test_must_resolve_serialized
tests/unit/contracts/test_foreshadowing_resolve_contract.py::test_zone_ignores_hand_filled
tests/unit/contracts/test_foreshadowing_resolve_contract.py::test_report_rejects_dup_hook_three_cp
tests/unit/contracts/test_foreshadowing_resolve_contract.py::test_must_resolve_threshold
tests/unit/contracts/test_foreshadowing_resolve_contract.py::test_report_rejects_inconsistent_debt
tests/unit/contracts/test_foreshadowing_resolve_contract.py::test_registry_includes_resolve
tests/unit/contracts/test_foreshadowing_resolve_contract.py::test_report_accepts_valid
tests/unit/contracts/schemas/test_deps.py::test_loads_real_deps_json
tests/unit/contracts/schemas/test_deps.py::test_pipeline_deps_extra_rejected
tests/unit/contracts/schemas/test_deps.py::test_deps_doc_defaults
tests/unit/contracts/schemas/test_deps.py::test_out_of_pipeline_extra_rejected
tests/unit/contracts/schemas/test_deps.py::test_extra_rejected
tests/unit/contracts/schemas/test_deps.py::test_phase_deps_extra_rejected
tests/unit/contracts/schemas/test_deps.py::test_real_has_all_top_level_keys
tests/unit/contracts/schemas/test_deps.py::test_phase_deps_defaults
tests/unit/contracts/schemas/test_deps.py::test_real_t2_phases_is_dict
tests/unit/contracts/schemas/test_deps.py::test_populate_by_name_roundtrip
tests/unit/contracts/schemas/test_deps.py::test_phase_of_locates_skill
tests/unit/contracts/schemas/test_deps.py::test_phase_of_checks_member_roster
tests/unit/contracts/schemas/test_deps.py::test_phase_of_unknown_returns_none
tests/unit/contracts/schemas/test_deps.py::test_real_phases_have_g4_note
tests/unit/contracts/schemas/test_deps.py::test_real_out_of_pipeline_shape
tests/unit/contracts/schemas/test_deps.py::test_real_pipeline_has_min_chapter_ratio
tests/unit/pipeline/test_llm_output_integrity.py::TestCheckAuditLineRefs::test_missing_chapter_no_issue
tests/unit/pipeline/test_llm_output_integrity.py::TestCheckAuditLineRefs::test_valid_ref_ok
tests/unit/pipeline/test_llm_output_integrity.py::TestCheckAuditLineRefs::test_stale_ref_flagged
tests/unit/pipeline/test_llm_output_integrity.py::TestDetectWriteFailure::test_clean_prose_is_not_failure
tests/unit/pipeline/test_llm_output_integrity.py::TestDetectWriteFailure::test_passing_mention_is_not_failure
tests/unit/pipeline/test_llm_output_integrity.py::TestDetectWriteFailure::test_chinese_sandbox_at_start
tests/unit/pipeline/test_llm_output_integrity.py::TestDetectWriteFailure::test_english_readonly_at_start
tests/unit/pipeline/test_llm_output_integrity.py::TestDetectWriteFailure::test_dominant_region_over_half
tests/unit/pipeline/test_llm_output_integrity.py::TestCheckProseLeakage::test_unfinished_ending_flagged
tests/unit/pipeline/test_llm_output_integrity.py::TestCheckProseLeakage::test_clean_prose_no_issues
tests/unit/pipeline/test_llm_output_integrity.py::TestCheckProseLeakage::test_model_leakage_flagged
tests/unit/pipeline/test_llm_output_integrity.py::TestCheckFenceBalance::test_even_fences_ok
tests/unit/pipeline/test_llm_output_integrity.py::TestCheckFenceBalance::test_odd_fences_flagged
tests/unit/pipeline/test_llm_output_integrity.py::TestCheckAuditCompleteness::test_aborted_stub_flagged
tests/unit/pipeline/test_llm_output_integrity.py::TestCheckAuditCompleteness::test_complete_audit_no_issues
tests/pipeline/test_dispatch_helper_xml.py::test_prompt_uses_xml_tags_not_nested_fences
tests/pipeline/test_total_chapters.py::test_update_idempotent_and_no_boundaries
tests/pipeline/test_total_chapters.py::test_read_total_non_int_returns_zero
tests/pipeline/test_total_chapters.py::test_update_malformed_novel_json_returns_zero
tests/pipeline/test_total_chapters.py::test_heal_wired_in_orchestrate
tests/pipeline/test_total_chapters.py::test_midbook_heal_unlocks_guard
tests/pipeline/test_total_chapters.py::test_update_total_chapters_writes_planned_total
tests/pipeline/test_total_chapters.py::test_genesis_finalize_hook
tests/unit/test_lint_repo_consistency.py::test_loader_uniqueness_flags_contract_key_outside_contract_py
tests/unit/test_lint_repo_consistency.py::test_banned_output_header_flagged
tests/unit/test_lint_repo_consistency.py::test_legitimate_non_canonical_header_not_flagged
tests/unit/test_lint_repo_consistency.py::test_hook_pool_synonym_flagged
tests/unit/test_lint_repo_consistency.py::test_dead_decisions_sidecar_spares_g4_validated
tests/unit/test_lint_repo_consistency.py::test_body_reads_block_in_skills_is_flagged
tests/unit/test_lint_repo_consistency.py::test_auto_generated_body_block_is_exempt
tests/unit/test_lint_repo_consistency.py::test_handwritten_block_alongside_auto_gen_is_flagged
tests/unit/test_lint_repo_consistency.py::test_dead_decisions_sidecar_flags_synthetic_dead
tests/unit/test_lint_repo_consistency.py::test_dead_decisions_sidecar_clean_tree
tests/unit/gates/g4/test_generic.py::TestGateRouter::test_routes_to_bughunt_checker
tests/unit/gates/g4/test_generic.py::TestGateRouter::test_falls_back_to_generic_generative_for_unknown_skill
tests/unit/gates/g4/test_generic.py::TestGateRouter::test_routes_to_per_skill_checker_for_known_skill
tests/unit/gates/g4/test_generic.py::TestGateRouter::test_routes_to_clean_checker
tests/unit/gates/g4/test_generic.py::TestCleanChecker::test_passes_with_zero_count_and_file_list
tests/unit/gates/g4/test_generic.py::TestCleanChecker::test_fails_when_file_list_missing
tests/unit/gates/g4/test_generic.py::TestCleanChecker::test_fails_when_improvement_suggestions_present
tests/unit/gates/g4/test_generic.py::TestCleanChecker::test_negated_suggestion_phrase_does_not_fail
tests/unit/gates/g4/test_generic.py::TestCleanChecker::test_fails_when_zero_count_missing
tests/unit/gates/g4/test_generic.py::TestBughuntChecker::test_fails_when_no_rule_reference
tests/unit/gates/g4/test_generic.py::TestBughuntChecker::test_fails_when_no_location_reference
tests/unit/gates/g4/test_generic.py::TestBughuntChecker::test_fails_when_no_false_positive_check
tests/unit/gates/g4/test_generic.py::TestBughuntChecker::test_passes_with_all_required_sections
tests/unit/gates/g4/test_generic.py::TestBughuntChecker::test_fails_when_no_detection_section
tests/unit/gates/g4/test_generic.py::TestGenerativeChecker::test_fails_on_too_short_markdown
tests/unit/gates/g4/test_generic.py::TestGenerativeChecker::test_passes_on_substantial_markdown
tests/unit/gates/g4/test_generic.py::TestGenerativeChecker::test_validates_json_file_content
tests/unit/gates/g4/test_generic.py::TestGenerativeChecker::test_fails_on_missing_file
tests/unit/gates/g4/test_generic.py::TestGenerativeChecker::test_skips_when_no_files_provided
tests/unit/gates/g4/test_generic.py::TestGenerativeChecker::test_fails_on_invalid_json
tests/unit/gates/g4/test_generic.py::TestGenerativeChecker::test_fails_on_empty_file
tests/unit/gates/g4/test_generic.py::TestGenericEdgeCases::test_gate_G4_bughunt_delegates
tests/unit/gates/g4/test_generic.py::TestGenericEdgeCases::test_generative_passes_on_non_standard_extension
tests/unit/gates/g4/test_generic.py::TestGenericEdgeCases::test_gate_G4_clean_delegates
tests/unit/test_lint_contracts.py::test_glob_read_satisfied_by_concrete_report_write
tests/unit/test_lint_contracts.py::test_report_consumed_downstream_without_writes_is_flagged
tests/unit/test_lint_contracts.py::test_report_with_persisted_writes_is_clean
tests/unit/test_status.py::TestGateResultTyped::test_status_field_is_gate_status_typed
tests/unit/test_status.py::TestSharedHelpersUseEnums::test_unimplemented_result_status
tests/unit/test_status.py::TestSharedHelpersUseEnums::test_passed_result_has_gate_status_pass
tests/unit/test_status.py::TestSharedHelpersUseEnums::test_fail_result_has_gate_status_fail
tests/unit/test_status.py::TestPhaseStateWireValues::test_preserves_existing_lowercase_values
tests/unit/test_status.py::TestCommandStatusWireValues::test_values
tests/unit/test_status.py::TestStatusStringLiteralSet::test_set_is_complete_vocab
tests/unit/test_status.py::TestGateStatusWireValues::test_pass_serializes_to_uppercase_pass
tests/unit/test_status.py::TestGateStatusWireValues::test_exhaustive_set
tests/unit/test_status.py::TestScoringAndClassification::test_scoring_status_values
tests/unit/test_status.py::TestScoringAndClassification::test_classification_strings_match_classifier_output
tests/unit/dispatcher/test_codex_mark_done.py::TestCodexMarkDone::test_does_not_call_shenbi_progress_subprocess
tests/unit/dispatcher/test_codex_mark_done.py::TestCodexMarkDone::test_writes_completion_to_progress_json
tests/unit/gates/test_g0_purity.py::test_skill_md_broken_frontmatter_not_flagged_pins_behavior
tests/unit/gates/test_g0_purity.py::test_scenario_file_placeholder_non_fixture_path_fails
tests/unit/gates/test_g0_purity.py::test_scenario_dir_non_fixture_directory_warns
tests/unit/gates/test_g0_purity.py::test_check_scenario_dir_purity_passes_when_no_dirs_referenced
tests/unit/gates/test_g0_purity.py::test_check_skill_md_purity_fails_when_skill_md_leaks_fixture_path
tests/unit/gates/test_g0_purity.py::test_check_scenario_file_purity_passes_when_all_refs_use_tests_fixtures
tests/unit/gates/test_g0_purity.py::test_missing_scenario_file_returns_pass
tests/unit/gates/test_g0_purity.py::test_check_skill_md_purity_passes_when_no_fixture_leak
tests/unit/gates/test_g0_purity.py::test_skill_md_meta_narrative_not_flagged_pins_behavior
tests/unit/gates/test_g0_purity.py::test_check_scenario_file_purity_fails_on_project_relative_refs
tests/unit/pipeline/test_truth_io.py::TestWriteTruthFileValidation::test_upsert_markdown_row_missing_key_field_raises
tests/unit/pipeline/test_truth_io.py::TestWriteTruthFileValidation::test_upsert_yaml_missing_key_field_raises
tests/unit/pipeline/test_truth_io.py::TestWriteTruthFileValidation::test_replace_mode_with_list_data
tests/unit/pipeline/test_truth_io.py::TestWriteTruthFileValidation::test_upsert_yaml_non_list_raises
tests/unit/pipeline/test_truth_io.py::TestWriteTruthFileValidation::test_replace_mode_with_dict_produces_bullet_format
tests/unit/pipeline/test_truth_io.py::TestWriteTruthFileValidation::test_unknown_mode_raises_valueerror
tests/unit/pipeline/test_truth_io.py::TestWriteTruthFileValidation::test_upsert_yaml_with_dict_raises
tests/unit/pipeline/test_truth_io.py::TestReadTruthRows::test_empty_file_returns_empty_list
tests/unit/pipeline/test_truth_io.py::TestReadTruthRows::test_header_row_skipped
tests/unit/pipeline/test_truth_io.py::TestReadTruthRows::test_table_rows_parsed_correctly
tests/unit/pipeline/test_truth_io.py::TestReadTruthRows::test_bullet_rows_parsed_correctly
tests/unit/pipeline/test_truth_io.py::TestReadTruthRows::test_nonexistent_file_returns_empty_list
tests/unit/pipeline/test_truth_io.py::TestPathLockRegistry::test_same_path_returns_same_lock
tests/unit/pipeline/test_truth_io.py::TestPathLockRegistry::test_registry_lock_is_not_a_path_lock
tests/unit/pipeline/test_truth_io.py::TestPathLockRegistry::test_different_paths_return_different_locks
tests/unit/pipeline/test_truth_io.py::TestConcurrentUpsertNoLostRows::test_eight_concurrent_writes_no_lost_rows
tests/unit/pipeline/test_truth_io.py::TestConcurrentUpsertNoLostRows::test_upsert_dedups_same_key
tests/unit/pipeline/test_truth_io.py::test_init_templates_include_update_mode_frontmatter
tests/unit/pipeline/test_truth_io.py::test_upsert_markdown_row_dedups_on_key_not_substring
tests/unit/pipeline/test_truth_io.py::test_upsert_yaml_dedups_records_by_key_field
tests/unit/pipeline/test_truth_io.py::test_upsert_markdown_row_creates_file_if_missing
tests/unit/pipeline/test_truth_io.py::test_upsert_markdown_row_appends_new_key_and_preserves_existing
tests/unit/pipeline/test_truth_io.py::test_upsert_markdown_row_preserves_headers_and_prose
tests/unit/pipeline/test_truth_io.py::test_write_preserves_utf8_chinese_characters
tests/unit/pipeline/test_truth_io.py::test_replace_mode_overwrites_existing
tests/unit/pipeline/test_truth_io.py::TestUpsertMarkdownTableRow::test_non_table_row_appended_as_is
tests/unit/pipeline/test_truth_io.py::TestUpsertMarkdownTableRow::test_matching_key_row_is_replaced
tests/unit/pipeline/test_truth_io.py::TestReadYamlRecords::test_reads_records_from_hooks_key
tests/unit/pipeline/test_truth_io.py::TestReadYamlRecords::test_no_frontmatter_returns_empty_list
tests/unit/pipeline/test_truth_io.py::TestReadYamlRecords::test_reads_records_from_items_key
tests/unit/pipeline/test_truth_io.py::TestReadYamlRecords::test_empty_file_returns_empty_list
tests/unit/pipeline/test_truth_io.py::TestUpsertByKey::test_new_record_replaces_existing
tests/unit/pipeline/test_truth_io.py::TestUpsertByKey::test_record_without_key_preserved
tests/unit/test_sync_contracts.py::test_bijection_self_check_passes_when_complete
tests/unit/test_sync_contracts.py::test_declared_glob_passes_through
tests/unit/test_sync_contracts.py::test_parametric_glob_wins_over_broader_declared_glob
tests/unit/test_sync_contracts.py::test_dag_connects_concrete_write_to_glob_read
tests/unit/test_sync_contracts.py::test_dag_edge_from_producer_to_consumer
tests/unit/test_sync_contracts.py::test_derive_expected_outputs_normalizes_and_dedups
tests/unit/test_sync_contracts.py::test_bijection_self_check_rejects_dropped_member_write
tests/unit/test_sync_contracts.py::test_normalize_falls_back_to_declared_glob_for_per_dim_literal
tests/unit/test_sync_contracts.py::test_parametric_normalizes_to_glob
tests/unit/test_sync_contracts.py::test_concrete_path_stays_concrete
tests/unit/test_sync_contracts.py::test_load_all_contracts_emits_kind
tests/unit/pipeline/test_machine.py::TestCheckpoint::test_set_checkpoint
tests/unit/pipeline/test_machine.py::TestCheckpoint::test_clear_checkpoint
tests/unit/pipeline/test_machine.py::TestCheckpoint::test_clear_checkpoint_records_history
tests/unit/pipeline/test_machine.py::TestLoadSave::test_save_and_load_round_trip
tests/unit/pipeline/test_machine.py::TestLoadSave::test_save_creates_state_file
tests/unit/pipeline/test_machine.py::TestLoadSave::test_load_missing_raises
tests/unit/pipeline/test_machine.py::TestLoadSave::test_save_is_atomic
tests/unit/pipeline/test_checkpoint.py::TestCommitStaging::test_commit_overwrites_existing_target
tests/unit/pipeline/test_checkpoint.py::TestCommitStaging::test_commit_staging_copies_files
tests/unit/pipeline/test_checkpoint.py::TestCommitStaging::test_commit_multiple_files
tests/unit/pipeline/test_checkpoint.py::TestCommitStaging::test_commit_nonexistent_staging_raises
tests/unit/pipeline/test_checkpoint.py::TestStagingPath::test_staging_path_maps_target
tests/unit/pipeline/test_checkpoint.py::TestStagingPath::test_staging_path_accepts_str_project_dir
tests/unit/pipeline/test_checkpoint.py::TestClearStaging::test_clear_staging_removes_all
tests/unit/pipeline/test_checkpoint.py::TestClearStaging::test_clear_staging_idempotent_when_absent
tests/unit/trace/test_event.py::test_event_frozen
tests/unit/trace/test_event.py::test_sign_helper_matches_method
tests/unit/trace/test_event.py::test_canonical_payload_is_order_independent
tests/unit/trace/test_event.py::test_signature_deterministic
tests/unit/trace/test_event.py::test_signature_chains_prev
tests/unit/gates/g4/test_worldbuilding.py::test_fails_when_story_bible_bullet_density_above_threshold
tests/unit/gates/g4/test_worldbuilding.py::test_fails_when_novel_missing_target_words
tests/unit/gates/g4/test_worldbuilding.py::test_fails_when_genre_config_invalid_json
tests/unit/gates/g4/test_worldbuilding.py::test_fails_when_truth_template_missing_field
tests/unit/gates/g4/test_worldbuilding.py::test_fails_when_rules_count_out_of_range
tests/unit/gates/g4/test_worldbuilding.py::test_fails_when_genre_config_not_found
tests/unit/gates/g4/test_worldbuilding.py::test_fails_when_novel_json_not_found
tests/unit/gates/g4/test_worldbuilding.py::test_fails_when_novel_json_missing_required_field
tests/unit/gates/g4/test_worldbuilding.py::test_fails_when_novel_json_invalid
tests/unit/gates/g4/test_worldbuilding.py::test_fails_when_story_bible_has_too_few_sections
tests/unit/gates/g4/test_worldbuilding.py::test_passes_when_all_worldbuilding_files_valid
tests/unit/gates/g4/test_all_skills_parametrized.py::TestPerSkillG4Contract::test_emits_gate_identifier[shenbi-faction-builder]
tests/unit/gates/g4/test_all_skills_parametrized.py::TestPerSkillG4Contract::test_with_substantial_markdown_file[shenbi-style-polishing]
tests/unit/gates/g4/test_all_skills_parametrized.py::TestPerSkillG4Contract::test_handles_multiple_nonexistent_files[shenbi-length-normalizing]
tests/unit/gates/g4/test_all_skills_parametrized.py::TestPerSkillG4Contract::test_returns_valid_json_for_nonexistent_file[shenbi-chapter-drafting]
tests/unit/gates/g4/test_all_skills_parametrized.py::TestPerSkillG4Contract::test_emits_gate_identifier[shenbi-context-composing]
tests/unit/gates/g4/test_all_skills_parametrized.py::TestPerSkillG4Contract::test_idempotent_on_repeated_calls[shenbi-genre-config]
tests/unit/gates/g4/test_all_skills_parametrized.py::TestPerSkillG4Contract::test_function_exists_and_is_callable[shenbi-foreshadowing-plant]
tests/unit/gates/g4/test_all_skills_parametrized.py::TestPerSkillG4Contract::test_with_json_file[shenbi-location-builder]
tests/unit/gates/g4/test_all_skills_parametrized.py::TestPerSkillG4Contract::test_emits_timestamp_in_result[shenbi-chapter-planning]
tests/unit/gates/g4/test_all_skills_parametrized.py::TestPerSkillG4Contract::test_status_is_one_of_known_values[shenbi-relationship-map]
tests/unit/gates/g4/test_all_skills_parametrized.py::TestPerSkillG4Contract::test_returns_valid_json_with_round_dir[shenbi-state-settling]
tests/unit/gates/g4/test_all_skills_parametrized.py::TestPerSkillG4Contract::test_returns_valid_json_for_empty_file_list[shenbi-length-normalizing]
tests/unit/gates/g4/test_all_skills_parametrized.py::TestPerSkillG4Contract::test_status_is_one_of_known_values[shenbi-volume-outlining]
tests/unit/gates/g4/test_all_skills_parametrized.py::TestPerSkillG4Contract::test_status_is_one_of_known_values[shenbi-pacing-design]
tests/unit/gates/g4/test_all_skills_parametrized.py::TestPerSkillG4Contract::test_returns_valid_json_for_empty_file_list[shenbi-character-design]
tests/unit/gates/g4/test_all_skills_parametrized.py::TestPerSkillG4Contract::test_handles_multiple_nonexistent_files[shenbi-power-system]
tests/unit/gates/g4/test_all_skills_parametrized.py::TestPerSkillG4Contract::test_idempotent_on_repeated_calls[shenbi-character-design]
tests/unit/gates/g4/test_all_skills_parametrized.py::TestPerSkillG4Contract::test_with_json_file[shenbi-state-settling]
tests/unit/gates/g4/test_all_skills_parametrized.py::TestPerSkillG4Contract::test_handles_multiple_nonexistent_files[shenbi-chapter-drafting]
tests/unit/gates/g4/test_all_skills_parametrized.py::TestPerSkillG4Contract::test_with_substantial_markdown_file[shenbi-character-design]
tests/unit/gates/g4/test_all_skills_parametrized.py::TestPerSkillG4Contract::test_returns_valid_json_for_empty_file_list[shenbi-power-system]
tests/unit/gates/g4/test_all_skills_parametrized.py::TestPerSkillG4Contract::test_status_is_one_of_known_values[shenbi-state-settling]
tests/unit/gates/g4/test_all_skills_parametrized.py::TestPerSkillG4Contract::test_returns_valid_json_for_nonexistent_file[shenbi-length-normalizing]
tests/unit/gates/g4/test_all_skills_parametrized.py::TestPerSkillG4Contract::test_returns_valid_json_with_round_dir[shenbi-character-design]
tests/unit/gates/g4/test_all_skills_parametrized.py::TestPerSkillG4Contract::test_with_substantial_markdown_file[shenbi-power-system]
tests/unit/gates/g4/test_all_skills_parametrized.py::TestPerSkillG4Contract::test_function_exists_and_is_callable[shenbi-chapter-planning]
tests/unit/gates/g4/test_all_skills_parametrized.py::TestPerSkillG4Contract::test_returns_string_for_empty_file_list[shenbi-genre-config]
tests/unit/gates/g4/test_all_skills_parametrized.py::TestPerSkillG4Contract::test_with_substantial_markdown_file[shenbi-pacing-design]
tests/unit/gates/g4/test_all_skills_parametrized.py::TestPerSkillG4Contract::test_returns_valid_json_for_nonexistent_file[shenbi-foreshadowing-plant]
tests/unit/gates/g4/test_all_skills_parametrized.py::TestPerSkillG4Contract::test_function_exists_and_is_callable[shenbi-genre-config]
tests/unit/gates/g4/test_all_skills_parametrized.py::TestPerSkillG4Contract::test_idempotent_on_repeated_calls[shenbi-pacing-design]
tests/unit/gates/g4/test_all_skills_parametrized.py::TestPerSkillG4Contract::test_returns_valid_json_for_nonexistent_file[shenbi-character-design]
tests/unit/gates/g4/test_all_skills_parametrized.py::TestPerSkillG4Contract::test_emits_gate_identifier[shenbi-volume-outlining]
tests/unit/gates/g4/test_all_skills_parametrized.py::TestPerSkillG4Contract::test_emits_timestamp_in_result[shenbi-context-composing]
tests/unit/gates/g4/test_all_skills_parametrized.py::TestPerSkillG4Contract::test_handles_multiple_nonexistent_files[shenbi-worldbuilding]
tests/unit/gates/g4/test_all_skills_parametrized.py::TestPerSkillG4Contract::test_returns_valid_json_for_empty_file_list[shenbi-style-polishing]
tests/unit/gates/g4/test_all_skills_parametrized.py::TestPerSkillG4Contract::test_returns_valid_json_with_round_dir[shenbi-style-polishing]
tests/unit/gates/g4/test_all_skills_parametrized.py::TestPerSkillG4Contract::test_returns_string_for_empty_file_list[shenbi-faction-builder]
tests/unit/gates/g4/test_all_skills_parametrized.py::TestPerSkillG4Contract::test_emits_gate_identifier[shenbi-length-normalizing]
tests/unit/gates/g4/test_all_skills_parametrized.py::TestPerSkillG4Contract::test_emits_timestamp_in_result[shenbi-faction-builder]
tests/unit/gates/g4/test_all_skills_parametrized.py::TestPerSkillG4Contract::test_emits_timestamp_in_result[shenbi-foreshadowing-track]
tests/unit/gates/g4/test_all_skills_parametrized.py::TestPerSkillG4Contract::test_with_substantial_markdown_file[shenbi-chapter-drafting]
tests/unit/gates/g4/test_all_skills_parametrized.py::TestPerSkillG4Contract::test_status_is_one_of_known_values[shenbi-story-architecture]
tests/unit/gates/g4/test_all_skills_parametrized.py::TestPerSkillG4Contract::test_handles_multiple_nonexistent_files[shenbi-character-design]
tests/unit/gates/g4/test_all_skills_parametrized.py::TestPerSkillG4Contract::test_returns_valid_json_with_round_dir[shenbi-length-normalizing]
tests/unit/gates/g4/test_all_skills_parametrized.py::TestPerSkillG4Contract::test_emits_timestamp_in_result[shenbi-length-normalizing]
tests/unit/gates/g4/test_all_skills_parametrized.py::TestPerSkillG4Contract::test_returns_valid_json_with_round_dir[shenbi-chapter-drafting]
tests/unit/gates/g4/test_all_skills_parametrized.py::TestPerSkillG4Contract::test_handles_multiple_nonexistent_files[shenbi-foreshadowing-plant]
tests/unit/gates/g4/test_all_skills_parametrized.py::TestPerSkillG4Contract::test_returns_valid_json_for_nonexistent_file[shenbi-faction-builder]
tests/unit/gates/g4/test_all_skills_parametrized.py::TestPerSkillG4Contract::test_returns_string_for_empty_file_list[shenbi-location-builder]
tests/unit/gates/g4/test_all_skills_parametrized.py::TestPerSkillG4Contract::test_with_json_file[shenbi-length-normalizing]
tests/unit/gates/g4/test_all_skills_parametrized.py::TestPerSkillG4Contract::test_with_substantial_markdown_file[shenbi-story-architecture]
tests/unit/gates/g4/test_all_skills_parametrized.py::TestPerSkillG4Contract::test_handles_multiple_nonexistent_files[shenbi-context-composing]
tests/unit/gates/g4/test_all_skills_parametrized.py::TestPerSkillG4Contract::test_emits_gate_identifier[shenbi-relationship-map]
tests/unit/gates/g4/test_all_skills_parametrized.py::TestPerSkillG4Contract::test_returns_valid_json_for_empty_file_list[shenbi-foreshadowing-track]
tests/unit/gates/g4/test_all_skills_parametrized.py::TestPerSkillG4Contract::test_returns_valid_json_for_empty_file_list[shenbi-chapter-drafting]
tests/unit/gates/g4/test_all_skills_parametrized.py::TestPerSkillG4Contract::test_idempotent_on_repeated_calls[shenbi-chapter-drafting]
tests/unit/gates/g4/test_all_skills_parametrized.py::TestPerSkillG4Contract::test_emits_gate_identifier[shenbi-anti-detect]
tests/unit/gates/g4/test_all_skills_parametrized.py::TestPerSkillG4Contract::test_function_exists_and_is_callable[shenbi-worldbuilding]
tests/unit/gates/g4/test_all_skills_parametrized.py::TestPerSkillG4Contract::test_with_substantial_markdown_file[shenbi-length-normalizing]
tests/unit/gates/g4/test_all_skills_parametrized.py::TestPerSkillG4Contract::test_function_exists_and_is_callable[shenbi-chapter-drafting]
tests/unit/gates/g4/test_all_skills_parametrized.py::TestPerSkillG4Contract::test_returns_string_for_empty_file_list[shenbi-relationship-map]
tests/unit/gates/g4/test_all_skills_parametrized.py::TestPerSkillG4Contract::test_handles_multiple_nonexistent_files[shenbi-state-settling]
tests/unit/gates/g4/test_all_skills_parametrized.py::TestPerSkillG4Contract::test_returns_valid_json_with_round_dir[shenbi-genre-config]
tests/unit/gates/g4/test_all_skills_parametrized.py::TestPerSkillG4Contract::test_handles_multiple_nonexistent_files[shenbi-chapter-planning]
tests/unit/gates/g4/test_all_skills_parametrized.py::TestPerSkillG4Contract::test_with_json_file[shenbi-genre-config]
tests/unit/gates/g4/test_all_skills_parametrized.py::TestPerSkillG4Contract::test_idempotent_on_repeated_calls[shenbi-faction-builder]
tests/unit/gates/g4/test_all_skills_parametrized.py::TestPerSkillG4Contract::test_status_is_one_of_known_values[shenbi-style-polishing]
tests/unit/gates/g4/test_all_skills_parametrized.py::TestPerSkillG4Contract::test_with_json_file[shenbi-worldbuilding]
tests/unit/gates/g4/test_all_skills_parametrized.py::TestPerSkillG4Contract::test_status_is_one_of_known_values[shenbi-length-normalizing]
tests/unit/gates/g4/test_all_skills_parametrized.py::TestPerSkillG4Contract::test_status_is_one_of_known_values[shenbi-power-system]
tests/unit/gates/g4/test_all_skills_parametrized.py::TestPerSkillG4Contract::test_returns_string_for_empty_file_list[shenbi-worldbuilding]
tests/unit/gates/g4/test_all_skills_parametrized.py::TestPerSkillG4Contract::test_with_substantial_markdown_file[shenbi-state-settling]
tests/unit/gates/g4/test_all_skills_parametrized.py::TestPerSkillG4Contract::test_returns_valid_json_with_round_dir[shenbi-story-architecture]
tests/unit/gates/g4/test_all_skills_parametrized.py::TestPerSkillG4Contract::test_emits_timestamp_in_result[shenbi-story-architecture]
tests/unit/gates/g4/test_all_skills_parametrized.py::TestPerSkillG4Contract::test_returns_string_for_empty_file_list[shenbi-plot-thread-weaver]
tests/unit/gates/g4/test_all_skills_parametrized.py::TestPerSkillG4Contract::test_with_json_file[shenbi-foreshadowing-track]
tests/unit/gates/g4/test_all_skills_parametrized.py::TestPerSkillG4Contract::test_returns_valid_json_with_round_dir[shenbi-worldbuilding]
tests/unit/gates/g4/test_all_skills_parametrized.py::TestPerSkillG4Contract::test_emits_gate_identifier[shenbi-location-builder]
tests/unit/gates/g4/test_all_skills_parametrized.py::TestPerSkillG4Contract::test_with_json_file[shenbi-faction-builder]
tests/unit/gates/g4/test_all_skills_parametrized.py::TestPerSkillG4Contract::test_with_json_file[shenbi-story-architecture]
tests/unit/gates/g4/test_all_skills_parametrized.py::TestPerSkillG4Contract::test_handles_multiple_nonexistent_files[shenbi-faction-builder]
tests/unit/gates/g4/test_all_skills_parametrized.py::TestPerSkillG4Contract::test_idempotent_on_repeated_calls[shenbi-plot-thread-weaver]
tests/unit/gates/g4/test_all_skills_parametrized.py::TestPerSkillG4Contract::test_emits_gate_identifier[shenbi-story-architecture]
tests/unit/gates/g4/test_all_skills_parametrized.py::TestPerSkillG4Contract::test_returns_valid_json_for_nonexistent_file[shenbi-pacing-design]
tests/unit/gates/g4/test_all_skills_parametrized.py::TestPerSkillG4Contract::test_emits_timestamp_in_result[shenbi-chapter-drafting]
tests/unit/gates/g4/test_all_skills_parametrized.py::TestPerSkillG4Contract::test_returns_valid_json_for_nonexistent_file[shenbi-chapter-planning]
tests/unit/gates/g4/test_all_skills_parametrized.py::TestPerSkillG4Contract::test_emits_timestamp_in_result[shenbi-genre-config]
tests/unit/gates/g4/test_all_skills_parametrized.py::TestPerSkillG4Contract::test_emits_timestamp_in_result[shenbi-pacing-design]
tests/unit/gates/g4/test_all_skills_parametrized.py::TestPerSkillG4Contract::test_returns_string_for_empty_file_list[shenbi-volume-outlining]
tests/unit/gates/g4/test_all_skills_parametrized.py::TestPerSkillG4Contract::test_emits_timestamp_in_result[shenbi-state-settling]
tests/unit/gates/g4/test_all_skills_parametrized.py::TestPerSkillG4Contract::test_idempotent_on_repeated_calls[shenbi-foreshadowing-track]
tests/unit/gates/g4/test_all_skills_parametrized.py::TestPerSkillG4Contract::test_idempotent_on_repeated_calls[shenbi-chapter-planning]
tests/unit/gates/g4/test_all_skills_parametrized.py::TestPerSkillG4Contract::test_with_substantial_markdown_file[shenbi-foreshadowing-track]
tests/unit/gates/g4/test_all_skills_parametrized.py::TestPerSkillG4Contract::test_function_exists_and_is_callable[shenbi-plot-thread-weaver]
tests/unit/gates/g4/test_all_skills_parametrized.py::TestPerSkillG4Contract::test_idempotent_on_repeated_calls[shenbi-context-composing]
tests/unit/gates/g4/test_all_skills_parametrized.py::TestPerSkillG4Contract::test_returns_valid_json_for_empty_file_list[shenbi-chapter-planning]
tests/unit/gates/g4/test_all_skills_parametrized.py::TestPerSkillG4Contract::test_function_exists_and_is_callable[shenbi-state-settling]
tests/unit/gates/g4/test_all_skills_parametrized.py::TestPerSkillG4Contract::test_returns_valid_json_for_nonexistent_file[shenbi-power-system]
tests/unit/gates/g4/test_all_skills_parametrized.py::TestPerSkillG4Contract::test_returns_valid_json_for_nonexistent_file[shenbi-story-architecture]
tests/unit/gates/g4/test_all_skills_parametrized.py::TestPerSkillG4Contract::test_function_exists_and_is_callable[shenbi-style-polishing]
tests/unit/gates/g4/test_all_skills_parametrized.py::TestPerSkillG4Contract::test_returns_string_for_empty_file_list[shenbi-foreshadowing-plant]
tests/unit/gates/g4/test_all_skills_parametrized.py::TestPerSkillG4Contract::test_with_json_file[shenbi-volume-outlining]
tests/unit/gates/g4/test_all_skills_parametrized.py::TestPerSkillG4Contract::test_emits_gate_identifier[shenbi-worldbuilding]
tests/unit/gates/g4/test_all_skills_parametrized.py::TestPerSkillG4Contract::test_returns_valid_json_for_empty_file_list[shenbi-story-architecture]
tests/unit/gates/g4/test_all_skills_parametrized.py::TestPerSkillG4Contract::test_function_exists_and_is_callable[shenbi-character-design]
tests/unit/gates/g4/test_all_skills_parametrized.py::TestPerSkillG4Contract::test_returns_valid_json_with_round_dir[shenbi-chapter-planning]
tests/unit/gates/g4/test_all_skills_parametrized.py::TestPerSkillG4Contract::test_idempotent_on_repeated_calls[shenbi-state-settling]
tests/unit/gates/g4/test_all_skills_parametrized.py::TestPerSkillG4Contract::test_with_substantial_markdown_file[shenbi-chapter-planning]
tests/unit/gates/g4/test_all_skills_parametrized.py::TestPerSkillG4Contract::test_with_json_file[shenbi-context-composing]
tests/unit/gates/g4/test_all_skills_parametrized.py::TestPerSkillG4Contract::test_handles_multiple_nonexistent_files[shenbi-story-architecture]
tests/unit/gates/g4/test_all_skills_parametrized.py::TestPerSkillG4Contract::test_emits_gate_identifier[shenbi-foreshadowing-track]
tests/unit/gates/g4/test_all_skills_parametrized.py::TestPerSkillG4Contract::test_status_is_one_of_known_values[shenbi-foreshadowing-track]
tests/unit/gates/g4/test_all_skills_parametrized.py::TestPerSkillG4Contract::test_returns_valid_json_for_empty_file_list[shenbi-worldbuilding]
tests/unit/gates/g4/test_all_skills_parametrized.py::TestPerSkillG4Contract::test_idempotent_on_repeated_calls[shenbi-anti-detect]
tests/unit/gates/g4/test_all_skills_parametrized.py::TestPerSkillG4Contract::test_emits_gate_identifier[shenbi-genre-config]
tests/unit/gates/g4/test_all_skills_parametrized.py::TestPerSkillG4Contract::test_with_json_file[shenbi-relationship-map]
tests/unit/gates/g4/test_all_skills_parametrized.py::TestPerSkillG4Contract::test_status_is_one_of_known_values[shenbi-location-builder]
tests/unit/gates/g4/test_all_skills_parametrized.py::TestPerSkillG4Contract::test_emits_timestamp_in_result[shenbi-character-design]
tests/unit/gates/g4/test_all_skills_parametrized.py::TestPerSkillG4Contract::test_returns_valid_json_for_empty_file_list[shenbi-state-settling]
tests/unit/gates/g4/test_all_skills_parametrized.py::TestPerSkillG4Contract::test_returns_valid_json_with_round_dir[shenbi-foreshadowing-plant]
tests/unit/gates/g4/test_all_skills_parametrized.py::TestPerSkillG4Contract::test_returns_valid_json_for_nonexistent_file[shenbi-anti-detect]
tests/unit/gates/g4/test_all_skills_parametrized.py::TestPerSkillG4Contract::test_returns_string_for_empty_file_list[shenbi-anti-detect]
tests/unit/gates/g4/test_all_skills_parametrized.py::TestPerSkillG4Contract::test_emits_gate_identifier[shenbi-pacing-design]
tests/unit/gates/g4/test_all_skills_parametrized.py::TestPerSkillG4Contract::test_returns_valid_json_for_nonexistent_file[shenbi-location-builder]
tests/unit/gates/g4/test_all_skills_parametrized.py::TestPerSkillG4Contract::test_with_json_file[shenbi-chapter-drafting]
tests/unit/gates/g4/test_all_skills_parametrized.py::TestPerSkillG4Contract::test_returns_valid_json_with_round_dir[shenbi-context-composing]
tests/unit/gates/g4/test_all_skills_parametrized.py::TestPerSkillG4Contract::test_returns_valid_json_for_empty_file_list[shenbi-plot-thread-weaver]
tests/unit/gates/g4/test_all_skills_parametrized.py::TestPerSkillG4Contract::test_with_substantial_markdown_file[shenbi-context-composing]
tests/unit/gates/g4/test_all_skills_parametrized.py::TestPerSkillG4Contract::test_handles_multiple_nonexistent_files[shenbi-style-polishing]
tests/unit/gates/g4/test_all_skills_parametrized.py::TestPerSkillG4Contract::test_returns_string_for_empty_file_list[shenbi-state-settling]
tests/unit/gates/g4/test_all_skills_parametrized.py::TestPerSkillG4Contract::test_function_exists_and_is_callable[shenbi-story-architecture]
tests/unit/gates/g4/test_all_skills_parametrized.py::TestPerSkillG4Contract::test_function_exists_and_is_callable[shenbi-foreshadowing-track]
tests/unit/gates/g4/test_all_skills_parametrized.py::TestPerSkillG4Contract::test_emits_timestamp_in_result[shenbi-power-system]
tests/unit/gates/g4/test_all_skills_parametrized.py::TestPerSkillG4Contract::test_returns_valid_json_for_nonexistent_file[shenbi-plot-thread-weaver]
tests/unit/gates/g4/test_all_skills_parametrized.py::TestPerSkillG4Contract::test_returns_valid_json_for_empty_file_list[shenbi-context-composing]
tests/unit/gates/g4/test_all_skills_parametrized.py::TestPerSkillG4Contract::test_handles_multiple_nonexistent_files[shenbi-location-builder]
tests/unit/gates/g4/test_all_skills_parametrized.py::TestPerSkillG4Contract::test_status_is_one_of_known_values[shenbi-faction-builder]
tests/unit/gates/g4/test_all_skills_parametrized.py::TestPerSkillG4Contract::test_status_is_one_of_known_values[shenbi-genre-config]
tests/unit/gates/g4/test_all_skills_parametrized.py::TestPerSkillG4Contract::test_returns_string_for_empty_file_list[shenbi-character-design]
tests/unit/gates/g4/test_all_skills_parametrized.py::TestPerSkillG4Contract::test_with_json_file[shenbi-style-polishing]
tests/unit/gates/g4/test_all_skills_parametrized.py::TestPerSkillG4Contract::test_returns_valid_json_for_empty_file_list[shenbi-pacing-design]
tests/unit/gates/g4/test_all_skills_parametrized.py::TestPerSkillG4Contract::test_emits_gate_identifier[shenbi-chapter-planning]
tests/unit/gates/g4/test_all_skills_parametrized.py::TestPerSkillG4Contract::test_handles_multiple_nonexistent_files[shenbi-plot-thread-weaver]
tests/unit/gates/g4/test_all_skills_parametrized.py::TestPerSkillG4Contract::test_returns_valid_json_for_nonexistent_file[shenbi-foreshadowing-track]
tests/unit/gates/g4/test_all_skills_parametrized.py::TestPerSkillG4Contract::test_returns_valid_json_with_round_dir[shenbi-power-system]
tests/unit/gates/g4/test_all_skills_parametrized.py::TestPerSkillG4Contract::test_idempotent_on_repeated_calls[shenbi-style-polishing]
tests/unit/gates/g4/test_all_skills_parametrized.py::TestPerSkillG4Contract::test_with_json_file[shenbi-power-system]
tests/unit/gates/g4/test_all_skills_parametrized.py::TestPerSkillG4Contract::test_emits_timestamp_in_result[shenbi-plot-thread-weaver]
tests/unit/gates/g4/test_all_skills_parametrized.py::TestPerSkillG4Contract::test_returns_string_for_empty_file_list[shenbi-story-architecture]
tests/unit/gates/g4/test_all_skills_parametrized.py::TestPerSkillG4Contract::test_function_exists_and_is_callable[shenbi-volume-outlining]
tests/unit/gates/g4/test_all_skills_parametrized.py::TestPerSkillG4Contract::test_with_json_file[shenbi-pacing-design]
tests/unit/gates/g4/test_all_skills_parametrized.py::TestPerSkillG4Contract::test_returns_valid_json_with_round_dir[shenbi-plot-thread-weaver]
tests/unit/gates/g4/test_all_skills_parametrized.py::TestPerSkillG4Contract::test_returns_string_for_empty_file_list[shenbi-pacing-design]
tests/unit/gates/g4/test_all_skills_parametrized.py::TestPerSkillG4Contract::test_with_json_file[shenbi-plot-thread-weaver]
tests/unit/gates/g4/test_all_skills_parametrized.py::TestPerSkillG4Contract::test_status_is_one_of_known_values[shenbi-anti-detect]
tests/unit/gates/g4/test_all_skills_parametrized.py::TestPerSkillG4Contract::test_returns_valid_json_with_round_dir[shenbi-pacing-design]
tests/unit/gates/g4/test_all_skills_parametrized.py::TestPerSkillG4Contract::test_emits_gate_identifier[shenbi-state-settling]
tests/unit/gates/g4/test_all_skills_parametrized.py::TestPerSkillG4Contract::test_returns_valid_json_for_nonexistent_file[shenbi-context-composing]
tests/unit/gates/g4/test_all_skills_parametrized.py::TestPerSkillG4Contract::test_function_exists_and_is_callable[shenbi-pacing-design]
tests/unit/gates/g4/test_all_skills_parametrized.py::TestPerSkillG4Contract::test_returns_string_for_empty_file_list[shenbi-context-composing]
tests/unit/gates/g4/test_all_skills_parametrized.py::TestPerSkillG4Contract::test_emits_timestamp_in_result[shenbi-foreshadowing-plant]
tests/unit/gates/g4/test_all_skills_parametrized.py::TestPerSkillG4Contract::test_emits_gate_identifier[shenbi-power-system]
tests/unit/gates/g4/test_all_skills_parametrized.py::TestPerSkillG4Contract::test_with_json_file[shenbi-character-design]
tests/unit/gates/g4/test_all_skills_parametrized.py::TestPerSkillG4Contract::test_emits_timestamp_in_result[shenbi-relationship-map]
tests/unit/gates/g4/test_all_skills_parametrized.py::TestPerSkillG4Contract::test_handles_multiple_nonexistent_files[shenbi-anti-detect]
tests/unit/gates/g4/test_all_skills_parametrized.py::TestPerSkillG4Contract::test_status_is_one_of_known_values[shenbi-chapter-planning]
tests/unit/gates/g4/test_all_skills_parametrized.py::TestPerSkillG4Contract::test_status_is_one_of_known_values[shenbi-context-composing]
tests/unit/gates/g4/test_all_skills_parametrized.py::TestPerSkillG4Contract::test_emits_timestamp_in_result[shenbi-volume-outlining]
tests/unit/gates/g4/test_all_skills_parametrized.py::TestPerSkillG4Contract::test_emits_timestamp_in_result[shenbi-worldbuilding]
tests/unit/gates/g4/test_all_skills_parametrized.py::TestPerSkillG4Contract::test_returns_valid_json_for_empty_file_list[shenbi-location-builder]
tests/unit/gates/g4/test_all_skills_parametrized.py::TestPerSkillG4Contract::test_idempotent_on_repeated_calls[shenbi-location-builder]
tests/unit/gates/g4/test_all_skills_parametrized.py::TestPerSkillG4Contract::test_handles_multiple_nonexistent_files[shenbi-foreshadowing-track]
tests/unit/gates/g4/test_all_skills_parametrized.py::TestPerSkillG4Contract::test_function_exists_and_is_callable[shenbi-context-composing]
tests/unit/gates/g4/test_all_skills_parametrized.py::TestPerSkillG4Contract::test_with_substantial_markdown_file[shenbi-location-builder]
tests/unit/gates/g4/test_all_skills_parametrized.py::TestPerSkillG4Contract::test_returns_valid_json_for_nonexistent_file[shenbi-worldbuilding]
tests/unit/gates/g4/test_all_skills_parametrized.py::TestPerSkillG4Contract::test_returns_valid_json_for_nonexistent_file[shenbi-genre-config]
tests/unit/gates/g4/test_all_skills_parametrized.py::TestPerSkillG4Contract::test_idempotent_on_repeated_calls[shenbi-story-architecture]
tests/unit/gates/g4/test_all_skills_parametrized.py::TestPerSkillG4Contract::test_function_exists_and_is_callable[shenbi-faction-builder]
tests/unit/gates/g4/test_all_skills_parametrized.py::TestPerSkillG4Contract::test_returns_valid_json_with_round_dir[shenbi-location-builder]
tests/unit/gates/g4/test_all_skills_parametrized.py::TestPerSkillG4Contract::test_emits_gate_identifier[shenbi-plot-thread-weaver]
tests/unit/gates/g4/test_all_skills_parametrized.py::TestPerSkillG4Contract::test_returns_valid_json_for_empty_file_list[shenbi-foreshadowing-plant]
tests/unit/gates/g4/test_all_skills_parametrized.py::TestPerSkillG4Contract::test_function_exists_and_is_callable[shenbi-relationship-map]
tests/unit/gates/g4/test_all_skills_parametrized.py::TestPerSkillG4Contract::test_returns_string_for_empty_file_list[shenbi-chapter-drafting]
tests/unit/gates/g4/test_all_skills_parametrized.py::TestPerSkillG4Contract::test_returns_valid_json_for_empty_file_list[shenbi-relationship-map]
tests/unit/gates/g4/test_all_skills_parametrized.py::TestPerSkillG4Contract::test_idempotent_on_repeated_calls[shenbi-relationship-map]
tests/unit/gates/g4/test_all_skills_parametrized.py::TestPerSkillG4Contract::test_returns_valid_json_for_empty_file_list[shenbi-genre-config]
tests/unit/gates/g4/test_all_skills_parametrized.py::TestPerSkillG4Contract::test_idempotent_on_repeated_calls[shenbi-length-normalizing]
tests/unit/gates/g4/test_all_skills_parametrized.py::TestPerSkillG4Contract::test_with_substantial_markdown_file[shenbi-genre-config]
tests/unit/gates/g4/test_all_skills_parametrized.py::TestPerSkillG4Contract::test_returns_string_for_empty_file_list[shenbi-power-system]
tests/unit/gates/g4/test_all_skills_parametrized.py::TestPerSkillG4Contract::test_emits_gate_identifier[shenbi-chapter-drafting]
tests/unit/gates/g4/test_all_skills_parametrized.py::TestPerSkillG4Contract::test_idempotent_on_repeated_calls[shenbi-worldbuilding]
tests/unit/gates/g4/test_all_skills_parametrized.py::TestPerSkillG4Contract::test_returns_valid_json_with_round_dir[shenbi-relationship-map]
tests/unit/gates/g4/test_all_skills_parametrized.py::TestPerSkillG4Contract::test_function_exists_and_is_callable[shenbi-location-builder]
tests/unit/gates/g4/test_all_skills_parametrized.py::TestPerSkillG4Contract::test_with_substantial_markdown_file[shenbi-relationship-map]
tests/unit/gates/g4/test_all_skills_parametrized.py::TestPerSkillG4Contract::test_handles_multiple_nonexistent_files[shenbi-genre-config]
tests/unit/gates/g4/test_all_skills_parametrized.py::TestPerSkillG4Contract::test_handles_multiple_nonexistent_files[shenbi-pacing-design]
tests/unit/gates/g4/test_all_skills_parametrized.py::TestPerSkillG4Contract::test_with_json_file[shenbi-foreshadowing-plant]
tests/unit/gates/g4/test_all_skills_parametrized.py::TestPerSkillG4Contract::test_with_substantial_markdown_file[shenbi-volume-outlining]
tests/unit/gates/g4/test_all_skills_parametrized.py::TestPerSkillG4Contract::test_idempotent_on_repeated_calls[shenbi-power-system]
tests/unit/gates/g4/test_all_skills_parametrized.py::TestPerSkillG4Contract::test_with_substantial_markdown_file[shenbi-anti-detect]
tests/unit/gates/g4/test_all_skills_parametrized.py::TestPerSkillG4Contract::test_with_substantial_markdown_file[shenbi-plot-thread-weaver]
tests/unit/gates/g4/test_all_skills_parametrized.py::TestPerSkillG4Contract::test_returns_valid_json_with_round_dir[shenbi-volume-outlining]
tests/unit/gates/g4/test_all_skills_parametrized.py::TestPerSkillG4Contract::test_status_is_one_of_known_values[shenbi-character-design]
tests/unit/gates/g4/test_all_skills_parametrized.py::TestPerSkillG4Contract::test_returns_string_for_empty_file_list[shenbi-length-normalizing]
tests/unit/gates/g4/test_all_skills_parametrized.py::TestPerSkillG4Contract::test_emits_gate_identifier[shenbi-style-polishing]
tests/unit/gates/g4/test_all_skills_parametrized.py::TestPerSkillG4Contract::test_emits_timestamp_in_result[shenbi-location-builder]
tests/unit/gates/g4/test_all_skills_parametrized.py::TestPerSkillG4Contract::test_with_json_file[shenbi-chapter-planning]
tests/unit/gates/g4/test_all_skills_parametrized.py::TestPerSkillG4Contract::test_with_substantial_markdown_file[shenbi-faction-builder]
tests/unit/gates/g4/test_all_skills_parametrized.py::TestPerSkillG4Contract::test_idempotent_on_repeated_calls[shenbi-foreshadowing-plant]
tests/unit/gates/g4/test_all_skills_parametrized.py::TestPerSkillG4Contract::test_status_is_one_of_known_values[shenbi-plot-thread-weaver]
tests/unit/gates/g4/test_all_skills_parametrized.py::TestPerSkillG4Contract::test_idempotent_on_repeated_calls[shenbi-volume-outlining]
tests/unit/gates/g4/test_all_skills_parametrized.py::TestPerSkillG4Contract::test_returns_valid_json_for_empty_file_list[shenbi-volume-outlining]
tests/unit/gates/g4/test_all_skills_parametrized.py::TestPerSkillG4Contract::test_returns_string_for_empty_file_list[shenbi-chapter-planning]
tests/unit/gates/g4/test_all_skills_parametrized.py::TestPerSkillG4Contract::test_with_substantial_markdown_file[shenbi-foreshadowing-plant]
tests/unit/gates/g4/test_all_skills_parametrized.py::TestPerSkillG4Contract::test_returns_string_for_empty_file_list[shenbi-foreshadowing-track]
tests/unit/gates/g4/test_all_skills_parametrized.py::TestPerSkillG4Contract::test_handles_multiple_nonexistent_files[shenbi-relationship-map]
tests/unit/gates/g4/test_all_skills_parametrized.py::TestPerSkillG4Contract::test_with_json_file[shenbi-anti-detect]
tests/unit/gates/g4/test_all_skills_parametrized.py::TestPerSkillG4Contract::test_returns_valid_json_for_nonexistent_file[shenbi-volume-outlining]
tests/unit/gates/g4/test_all_skills_parametrized.py::TestPerSkillG4Contract::test_returns_valid_json_for_empty_file_list[shenbi-anti-detect]
tests/unit/gates/g4/test_all_skills_parametrized.py::TestPerSkillG4Contract::test_emits_gate_identifier[shenbi-character-design]
tests/unit/gates/g4/test_all_skills_parametrized.py::TestPerSkillG4Contract::test_returns_valid_json_for_nonexistent_file[shenbi-style-polishing]
tests/unit/gates/g4/test_all_skills_parametrized.py::TestPerSkillG4Contract::test_returns_valid_json_with_round_dir[shenbi-faction-builder]
tests/unit/gates/g4/test_all_skills_parametrized.py::TestPerSkillG4Contract::test_status_is_one_of_known_values[shenbi-foreshadowing-plant]
tests/unit/gates/g4/test_all_skills_parametrized.py::TestPerSkillG4Contract::test_returns_string_for_empty_file_list[shenbi-style-polishing]
tests/unit/gates/g4/test_all_skills_parametrized.py::TestPerSkillG4Contract::test_emits_gate_identifier[shenbi-foreshadowing-plant]
tests/unit/gates/g4/test_all_skills_parametrized.py::TestPerSkillG4Contract::test_status_is_one_of_known_values[shenbi-chapter-drafting]
tests/unit/gates/g4/test_all_skills_parametrized.py::TestPerSkillG4Contract::test_emits_timestamp_in_result[shenbi-style-polishing]
tests/unit/gates/g4/test_all_skills_parametrized.py::TestPerSkillG4Contract::test_returns_valid_json_with_round_dir[shenbi-anti-detect]
tests/unit/gates/g4/test_all_skills_parametrized.py::TestPerSkillG4Contract::test_function_exists_and_is_callable[shenbi-length-normalizing]
tests/unit/gates/g4/test_all_skills_parametrized.py::TestPerSkillG4Contract::test_returns_valid_json_for_nonexistent_file[shenbi-state-settling]
tests/unit/gates/g4/test_all_skills_parametrized.py::TestPerSkillG4Contract::test_with_substantial_markdown_file[shenbi-worldbuilding]
tests/unit/gates/g4/test_all_skills_parametrized.py::TestPerSkillG4Contract::test_returns_valid_json_for_nonexistent_file[shenbi-relationship-map]
tests/unit/gates/g4/test_all_skills_parametrized.py::TestPerSkillG4Contract::test_function_exists_and_is_callable[shenbi-anti-detect]
tests/unit/gates/g4/test_all_skills_parametrized.py::TestPerSkillG4Contract::test_function_exists_and_is_callable[shenbi-power-system]
tests/unit/gates/g4/test_all_skills_parametrized.py::TestPerSkillG4Contract::test_handles_multiple_nonexistent_files[shenbi-volume-outlining]
tests/unit/gates/g4/test_all_skills_parametrized.py::TestPerSkillG4Contract::test_status_is_one_of_known_values[shenbi-worldbuilding]
tests/unit/gates/g4/test_all_skills_parametrized.py::TestPerSkillG4Contract::test_emits_timestamp_in_result[shenbi-anti-detect]
tests/unit/gates/g4/test_all_skills_parametrized.py::TestPerSkillG4Contract::test_returns_valid_json_with_round_dir[shenbi-foreshadowing-track]
tests/unit/gates/g4/test_all_skills_parametrized.py::TestPerSkillG4Contract::test_returns_valid_json_for_empty_file_list[shenbi-faction-builder]
tests/unit/gates/test_g0_calibration_hash.py::test_missing_lock_entry_fails_with_hint
tests/unit/gates/test_g0_calibration_hash.py::test_nested_subdirectories_included
tests/unit/gates/test_g0_calibration_hash.py::test_empty_dir_with_locked_empty_hash_passs
tests/unit/gates/test_g0_calibration_hash.py::test_multiple_anchors_content_change_detected
tests/unit/gates/test_g0_calibration_hash.py::test_tamper_then_restore
tests/unit/pipeline/test_g4_feedback.py::test_enrich_adds_detail_table_example
tests/unit/pipeline/test_g4_feedback.py::test_enrich_adds_format_example_for_known_check
tests/unit/pipeline/test_g4_feedback.py::test_enrich_handles_multiple_failures
tests/unit/pipeline/test_g4_feedback.py::test_enrich_adds_evidence_example
tests/unit/pipeline/test_g4_feedback.py::test_enrich_handles_unknown_checks
tests/unit/skill_utils/test_confidence_routing_integration.py::test_low_reported_confidence_never_upgraded_and_routes_human
tests/unit/skill_utils/test_confidence_routing_integration.py::test_calibration_preserves_borderline_human
tests/unit/skill_utils/test_confidence_routing_integration.py::test_floor_breach_with_overconfident_scorer_routes_human
tests/unit/skill_utils/test_confidence_routing_integration.py::test_calibrated_confidence_label_is_carried_by_routing_result
tests/unit/skill_utils/test_confidence_routing_integration.py::test_boundary_hit_rate_keeps_high
tests/unit/skill_utils/test_confidence_routing_integration.py::test_overconfident_scorer_plus_cap_both_route_human
tests/unit/skill_utils/test_confidence_routing_integration.py::test_overconfident_scorer_rerouted_from_auto_to_human
tests/unit/skill_utils/test_confidence_routing_integration.py::test_full_chain_via_both_clis
tests/unit/skill_utils/test_confidence_routing_integration.py::test_calibration_preserves_clear_pass
tests/unit/skill_utils/test_confidence_routing_integration.py::test_well_calibrated_high_stays_auto_revise
tests/unit/test_exceptions.py::TestRecoveryStrategies::test_tool_tamper_halt
tests/unit/test_exceptions.py::TestRecoveryStrategies::test_registry_stale_auto_rebuild
tests/unit/test_exceptions.py::TestSerialization::test_str_includes_context
tests/unit/test_exceptions.py::TestSerialization::test_to_dict_includes_context
tests/unit/test_exceptions.py::TestSerialization::test_to_dict_includes_error_class
tests/unit/test_exceptions.py::TestCatalogConsistency::test_all_guidance_keys_match_exception_classes
tests/unit/test_exceptions.py::TestCatalogConsistency::test_all_recovery_keys_match_exception_classes
tests/unit/test_exceptions.py::TestCatalogConsistency::test_every_guidance_has_nonempty_action
tests/unit/test_exceptions.py::TestCatalogConsistency::test_every_key_in_guidance_has_recovery_strategy
tests/unit/test_exceptions.py::test_dispatch_write_failure_is_dispatcher_error
tests/unit/test_exceptions.py::TestRegistryStaleTruncation::test_truncates_to_5
tests/unit/test_exceptions.py::TestErrorGuidance::test_get_guidance_returns_entry
tests/unit/test_exceptions.py::TestErrorGuidance::test_get_guidance_unknown_error_returns_none
tests/unit/test_exceptions.py::TestHierarchy::test_gate_marker_missing_is_gate_error
tests/unit/test_exceptions.py::TestHierarchy::test_registry_stale_is_registry_error
tests/unit/pipeline/test_style_learning_self_heal.py::test_not_stale_when_profile_mature
tests/unit/pipeline/test_style_learning_self_heal.py::test_stale_when_bootstrap_and_three_or_more_chapters_done
tests/unit/pipeline/test_style_learning_self_heal.py::test_not_stale_when_fewer_than_three_chapters
tests/unit/pipeline/test_style_learning_self_heal.py::test_stale_when_profile_missing_entirely
tests/pipeline/test_audit_cascading.py::test_hard_failure_in_streak_prevents_skip
tests/pipeline/test_audit_cascading.py::test_non_cascadable_skill_is_not_skipped
tests/pipeline/test_audit_cascading.py::test_audit_short_name_strips_prefix
tests/pipeline/test_audit_cascading.py::test_always_run_audits_are_never_skipped
tests/pipeline/test_audit_cascading.py::test_insufficient_history_prevents_skip
tests/pipeline/test_audit_cascading.py::test_get_audit_history_extracts_previous_chapters
tests/pipeline/test_audit_cascading.py::test_three_chapter_zero_hard_streak_skips_cascaded_audit
tests/pipeline/test_audit_cascading.py::test_cascade_wiring_skips_dialogue_keeps_continuity
tests/unit/contracts/test_genre_config_contract.py::test_invalid_approval_decision
tests/unit/contracts/test_genre_config_contract.py::test_cautioned_word_without_replacement
tests/unit/contracts/test_genre_config_contract.py::test_too_many_banned_words
tests/unit/contracts/test_genre_config_contract.py::test_too_few_chapter_types
tests/unit/contracts/test_genre_config_contract.py::test_banned_word_without_replacement
tests/unit/contracts/test_genre_config_contract.py::test_too_few_audit_dimensions
tests/unit/contracts/test_genre_config_contract.py::test_registry_includes_genre_config
tests/unit/contracts/test_genre_config_contract.py::test_too_many_chapter_types
tests/unit/contracts/test_genre_config_contract.py::test_valid_config_passes
tests/unit/gates/test_pre_write_check_overlap.py::TestPreWriteCheckOverlap::test_audit_embedded_mechanisms
tests/unit/gates/g4/test_foreshadowing_track.py::test_passes_with_changes_and_refs
tests/unit/gates/g4/test_foreshadowing_track.py::test_fails_when_pending_hooks_missing
tests/unit/gates/g4/test_foreshadowing_track.py::test_fails_when_no_state_changes
tests/unit/gates/g4/test_foreshadowing_track.py::test_fails_when_no_chapter_refs
tests/unit/trace/test_migrate.py::test_migrate_idempotent
tests/unit/trace/test_migrate.py::test_migrate_from_existing_progress
tests/unit/dispatcher/test_read_provenance_honest.py::test_codex_exec_runs_as_subprocess_cannot_intercept
tests/unit/pipeline/test_full_flows.py::TestRevisionRoutingFromAuditResults::test_clean_chapter_no_revision
tests/unit/pipeline/test_full_flows.py::TestRevisionRoutingFromAuditResults::test_blocking_audit_routes_to_regenerate
tests/unit/pipeline/test_full_flows.py::TestRevisionRoutingFromAuditResults::test_craft_only_routes_to_spot_fix
tests/unit/pipeline/test_full_flows.py::TestErrorHandling::test_dispatch_failure_increments_retry
tests/unit/pipeline/test_full_flows.py::TestErrorHandling::test_scoring_failure_exit_code_routing
tests/unit/pipeline/test_full_flows.py::TestRevisionRouting::test_revision_routes_craft_to_spot_fix
tests/unit/pipeline/test_full_flows.py::TestRevisionRouting::test_revision_routes_blocking_to_regenerate
tests/unit/pipeline/test_full_flows.py::TestTriggerSystem::test_l2_trigger_at_ch12
tests/unit/pipeline/test_full_flows.py::TestTriggerSystem::test_closure_trigger_at_last_chapter
tests/unit/pipeline/test_full_flows.py::TestStagingIntegration::test_staging_committed_on_approve
tests/unit/pipeline/test_full_flows.py::TestClosureFlow::test_closure_runs_all_steps
tests/unit/gates/test_g_reconcile.py::test_g_reconcile_fails_when_done_skill_lacks_report
tests/unit/gates/test_g_reconcile.py::test_g_reconcile_passes_when_done_skills_have_reports
tests/unit/gates/test_g_reconcile.py::test_g_reconcile_gr1_missing_report_carries_skill_and_test_type
tests/unit/gates/test_g_reconcile.py::test_g_reconcile_returns_valid_json_for_empty_round
tests/unit/gates/test_g_reconcile.py::test_g_reconcile_non_dict_progress_propagates_jload_error
tests/unit/gates/test_g_reconcile.py::test_g_reconcile_passes_when_no_done_skills
tests/unit/gates/test_g_reconcile.py::test_g_reconcile_fails_when_no_progress
tests/unit/gates/test_g_reconcile.py::test_g_reconcile_unknown_skill_in_progress_handled_gracefully
tests/unit/gates/test_g6_checks.py::test_check_pacing_returns_action_dialogue_introspection_mix
tests/unit/gates/test_g6_checks.py::test_check_pacing_four_consecutive_same_type
tests/unit/gates/test_g6_checks.py::test_check_pacing_skips_when_no_chapters
tests/unit/gates/test_g6_checks.py::test_check_style_consistency_skips_when_no_style_profile
tests/unit/gates/test_g6_checks.py::test_check_continuity_future_knowledge_not_detected_pins_inert_behavior
tests/unit/gates/test_g6_checks.py::test_check_style_consistency_extracts_ranges_from_table
tests/unit/gates/test_g6_checks.py::test_check_continuity_skips_when_no_chapters
tests/unit/gates/test_g6_checks.py::test_check_continuity_timeline_regression_detected
tests/unit/gates/test_g6_checks.py::test_check_style_consistency_dialogue_out_of_range
tests/unit/gates/test_g6_checks.py::test_check_style_consistency_sentence_out_of_range
tests/unit/gates/test_g6_checks.py::test_check_style_consistency_skips_when_ranges_unparseable
tests/unit/gates/test_g6_checks.py::test_check_style_consistency_paragraph_out_of_range
tests/unit/gates/test_g6_checks.py::test_check_style_consistency_passes_within_ranges
tests/unit/gates/test_g6_checks.py::test_check_pacing_no_action_peaks_when_all_quiet
tests/unit/gates/test_g6_checks.py::test_check_continuity_passes_on_monotonic_timeline
tests/property/contracts/test_registry_consistency.py::test_every_truth_file_has_kind[truth/audit_drift.md]
tests/property/contracts/test_registry_consistency.py::test_every_truth_file_has_kind[truth/state-settling-decisions.json]
tests/property/contracts/test_registry_consistency.py::test_every_truth_file_has_kind[truth/book_spine.md]
tests/property/contracts/test_registry_consistency.py::test_every_truth_file_has_kind[truth/character_matrix.md]
tests/property/contracts/test_registry_consistency.py::test_every_truth_file_has_kind[truth/author_intent.md]
tests/property/contracts/test_registry_consistency.py::test_every_truth_file_has_kind[truth-embeddings.db]
tests/property/contracts/test_registry_consistency.py::test_every_truth_file_has_kind[truth/parent_canon.md]
tests/property/contracts/test_registry_consistency.py::test_every_truth_file_has_kind[audits/chapter-N-review-summary.md]
tests/property/contracts/test_registry_consistency.py::test_every_truth_file_has_kind[import/canon/01_SECTION.md]
tests/property/contracts/test_registry_consistency.py::test_every_truth_file_has_kind[truth/emotional_arcs.md]
tests/property/contracts/test_registry_consistency.py::test_every_truth_file_has_kind[truth/book_strata.md]
tests/property/contracts/test_registry_consistency.py::test_every_truth_file_has_kind[context/chapter-N-context.md]
tests/property/contracts/test_registry_consistency.py::test_every_truth_file_has_kind[genesis-context/*.md]
tests/property/contracts/test_registry_consistency.py::test_every_truth_file_has_kind[context/market-radar-decisions.json]
tests/property/contracts/test_registry_consistency.py::test_every_truth_file_has_kind[outline/rhythm_principles.md]
tests/property/contracts/test_registry_consistency.py::test_every_truth_file_has_kind[outline/short_story_map.md]
tests/property/contracts/test_registry_consistency.py::test_every_truth_file_has_kind[outline/thread_map.md]
tests/property/contracts/test_registry_consistency.py::test_every_truth_file_has_kind[truth/pending_hooks.md]
tests/property/contracts/test_registry_consistency.py::test_every_truth_file_has_kind[plans/chapter-N-plan-decisions.json]
tests/property/contracts/test_registry_consistency.py::test_every_truth_file_has_kind[audits/chapter-N-<dim>.md]
tests/property/contracts/test_registry_consistency.py::test_every_truth_file_has_kind[audits/volume-N-payoff.md]
tests/property/contracts/test_registry_consistency.py::test_every_truth_file_has_kind[truth/arcs/arc-N.md]
tests/property/contracts/test_registry_consistency.py::test_every_truth_file_has_kind[truth/chapter_summaries.md]
tests/property/contracts/test_registry_consistency.py::test_every_truth_file_has_kind[characters/relationships.md]
tests/property/contracts/test_registry_consistency.py::test_every_truth_file_has_kind[audits/stratum-N-score.md]
tests/property/contracts/test_registry_consistency.py::test_every_truth_file_has_kind[truth/subplot_board.md]
tests/property/contracts/test_registry_consistency.py::test_every_truth_file_has_kind[truth-index.json]
tests/property/contracts/test_registry_consistency.py::test_every_truth_file_has_kind[world/story_bible.md]
tests/property/contracts/test_registry_consistency.py::test_every_truth_file_has_kind[world/locations.md]
tests/property/contracts/test_registry_consistency.py::test_bootstrap_subset_of_yaml
tests/property/contracts/test_registry_consistency.py::test_every_truth_file_has_kind[characters/protagonist.md]
tests/property/contracts/test_registry_consistency.py::test_every_truth_file_has_kind[novel.json]
tests/property/contracts/test_registry_consistency.py::test_every_truth_file_has_kind[pipeline-state.json]
tests/property/contracts/test_registry_consistency.py::test_every_truth_file_has_kind[snapshots/chapter-NNN-*.md]
tests/property/contracts/test_registry_consistency.py::test_every_truth_file_has_kind[short/outline.md]
tests/property/contracts/test_registry_consistency.py::test_every_truth_file_has_kind[short/short-N-decisions.json]
tests/property/contracts/test_registry_consistency.py::test_every_truth_file_has_kind[truth/particle_ledger.md]
tests/property/contracts/test_registry_consistency.py::test_every_truth_file_has_kind[audits/escalation-N-report.md]
tests/property/contracts/test_registry_consistency.py::test_every_truth_file_has_kind[import/source/*.txt]
tests/property/contracts/test_registry_consistency.py::test_every_truth_file_has_kind[era-reference.md]
tests/property/contracts/test_registry_consistency.py::test_every_truth_file_has_kind[outline/chapter_patterns.md]
tests/property/contracts/test_registry_consistency.py::test_every_truth_file_has_kind[style/style_profile.md]
tests/property/contracts/test_registry_consistency.py::test_every_truth_file_has_kind[import/analysis/01_overview.md]
tests/property/contracts/test_registry_consistency.py::test_every_truth_file_has_kind[world/power_system.md]
tests/property/contracts/test_registry_consistency.py::test_every_truth_file_has_kind[context/chapter-N-context-decisions.json]
tests/property/contracts/test_registry_consistency.py::test_every_truth_file_has_kind[benchmarks/anchors/]
tests/property/contracts/test_registry_consistency.py::test_three_registry_sources_agree
tests/property/contracts/test_registry_consistency.py::test_every_truth_file_has_kind[truth/resonance_trend.md]
tests/property/contracts/test_registry_consistency.py::test_every_truth_file_has_kind[truth/current_focus.md]
tests/property/contracts/test_registry_consistency.py::test_every_truth_file_has_kind[import/packaging/package.md]
tests/property/contracts/test_registry_consistency.py::test_every_truth_file_has_kind[source_canon/*]
tests/property/contracts/test_registry_consistency.py::test_every_truth_file_has_kind[plans/chapter-N-plan.md]
tests/property/contracts/test_registry_consistency.py::test_every_truth_file_has_kind[chapters/chapter-N-decisions.json]
tests/property/contracts/test_registry_consistency.py::test_every_truth_file_has_kind[short/package.md]
tests/property/contracts/test_registry_consistency.py::test_every_truth_file_has_kind[outline/story_frame.md]
tests/property/contracts/test_registry_consistency.py::test_every_truth_file_has_kind[truth/volume_score_trend.md]
tests/property/contracts/test_registry_consistency.py::test_every_truth_file_has_kind[foundation/review_report.md]
tests/property/contracts/test_registry_consistency.py::test_every_truth_file_has_kind[benchmarks/anchors/AC-NNN.md]
tests/property/contracts/test_registry_consistency.py::test_every_truth_file_has_kind[truth/drift_guidance.md]
tests/property/contracts/test_registry_consistency.py::test_every_truth_file_has_kind[world/rules.md]
tests/property/contracts/test_registry_consistency.py::test_every_truth_file_has_kind[audits/arc-N-score.md]
tests/property/contracts/test_registry_consistency.py::test_every_truth_file_has_kind[chapters/chapter-N-revision-decisions.json]
tests/property/contracts/test_registry_consistency.py::test_every_truth_file_has_kind[world/factions.md]
tests/property/contracts/test_registry_consistency.py::test_every_truth_file_has_kind[snapshots/manifest.json]
tests/property/contracts/test_registry_consistency.py::test_every_truth_file_has_kind[truth/current_state.md]
tests/property/contracts/test_registry_consistency.py::test_every_truth_file_has_kind[truth/volume_summaries.md]
tests/property/contracts/test_registry_consistency.py::test_every_truth_file_has_kind[audits/volume-N-score.md]
tests/property/contracts/test_registry_consistency.py::test_every_truth_file_has_kind[context/review-checklist-N.json]
tests/property/contracts/test_registry_consistency.py::test_every_truth_file_has_kind[outline/volume_map.md]
tests/property/contracts/test_registry_consistency.py::test_every_truth_file_has_kind[chapters/chapter-N.md]
tests/property/contracts/test_registry_consistency.py::test_every_truth_file_has_kind[truth/arc_payoff_trend.md]
tests/property/contracts/test_registry_consistency.py::test_every_truth_file_has_kind[genre-config.json]
tests/unit/pipeline/test_state_heal.py::test_heals_last_snapshot_from_disk
tests/unit/pipeline/test_state_heal.py::test_no_changes_returns_empty_actions
tests/unit/pipeline/test_state_heal.py::test_heals_revision_count_from_disk
tests/unit/pipeline/test_state_heal.py::test_does_not_overwrite_existing_budget
tests/unit/pipeline/test_state_heal.py::test_heals_retry_budget_from_retry_feedback
tests/unit/test_contract.py::TestDecisionsRegistryPaths::test_context_decisions_json_resolves
tests/unit/test_contract.py::TestDecisionsRegistryPaths::test_decisions_kind_in_registry
tests/unit/test_contract.py::TestDecisionsRegistryPaths::test_chapter_decisions_json_resolves
tests/unit/test_contract.py::test_missing_skill_raises
tests/unit/test_contract.py::test_load_registry_still_returns_truth_files_vocab
tests/unit/test_contract.py::test_non_list_reads_is_rejected
tests/unit/test_contract.py::test_unregistered_path_is_rejected
tests/unit/test_contract.py::test_valid_artifact_contract_loads
tests/unit/test_contract.py::test_prose_writes_report_only_is_rejected
tests/unit/test_contract.py::test_contracts_registry_coexists_with_contract_py
tests/unit/test_contract.py::test_invalid_kind_is_rejected
tests/unit/test_capability_fs.py::test_gate_purity_pattern
tests/unit/test_capability_fs.py::test_path_outside_allow_root_denied
tests/unit/test_capability_fs.py::test_write_bytes_blocked
tests/unit/test_capability_fs.py::test_mkdir_blocked
tests/unit/test_capability_fs.py::test_unlink_blocked
tests/unit/test_capability_fs.py::test_list_dir_allowed
tests/unit/test_capability_fs.py::test_write_text_blocked
tests/unit/test_capability_fs.py::test_reads_allowed_under_capability_fs
tests/unit/gates/test_g7.py::TestG7RoundClose::test_emits_valid_json_for_empty_round
tests/unit/gates/test_g7.py::test_g715_raw_score_file_vector
tests/unit/gates/test_g7.py::test_g713_g4_marker_pass_but_rerun_fails
tests/unit/gates/test_g7.py::test_g716_phase_state_not_finalized_fails
tests/unit/gates/test_g7.py::test_g7_corrupt_summary_json_invalid
tests/unit/gates/test_g7.py::test_g713_g6_marker_rerun_runs
tests/unit/gates/test_g7.py::test_g714_timeline_warns_when_marker_newer_than_score
tests/unit/gates/test_g7.py::test_g715_duplicate_score_pattern_warns_and_writes_audit
tests/unit/gates/test_g7.py::TestG7ErrorPaths::test_g7_missing_coverage_field_fails
tests/unit/gates/test_g7.py::TestG7ErrorPaths::test_g7_hallucinated_skill_in_summary_fails
tests/unit/gates/test_g7.py::TestG7ErrorPaths::test_g7_pending_truth_files_after_state_settling_fails
tests/unit/gates/test_g7.py::TestG7ErrorPaths::test_g7_template_placeholders_in_skill_output_fails
tests/unit/test_lint_no_forbid_with_computed_field.py::test_lint_passes_on_current_contracts
tests/unit/test_lint_no_forbid_with_computed_field.py::test_lint_catches_forbid_violation
tests/unit/audit/test_snapshot.py::test_snapshot_reads_existing_and_missing
tests/unit/audit/test_snapshot.py::test_compute_markdown_record_change
tests/unit/audit/test_snapshot.py::test_compute_json_field_change
tests/unit/audit/test_snapshot.py::test_parametric_globs_loaded_from_registry
tests/unit/audit/test_snapshot.py::test_compute_added_and_deleted
tests/unit/audit/test_snapshot.py::test_snapshot_expands_parametric_glob
tests/unit/gates/g4/test_length_normalizing.py::test_fails_when_no_report_block
tests/unit/gates/g4/test_length_normalizing.py::test_fails_when_file_not_found
tests/unit/gates/g4/test_length_normalizing.py::test_fails_when_below_floor
tests/unit/gates/g4/test_length_normalizing.py::test_skips_on_empty_fps
tests/unit/gates/g4/test_length_normalizing.py::test_passes_when_no_normalization_needed
tests/unit/pipeline/test_context_assemble.py::TestConstants::test_budget_by_role_values
tests/unit/pipeline/test_context_assemble.py::TestConstants::test_token_factor_is_1_5
tests/unit/pipeline/test_context_assemble.py::TestConstants::test_default_budget_is_progression
tests/unit/pipeline/test_context_assemble.py::TestRerank::test_different_text_not_deduped
tests/unit/pipeline/test_context_assemble.py::TestRerank::test_content_hash_dedup
tests/unit/pipeline/test_context_assemble.py::TestRerank::test_empty_entries_returns_empty
tests/unit/pipeline/test_context_assemble.py::TestRerank::test_stable_sort_keeps_insertion_order_for_equal_weights
tests/unit/pipeline/test_context_assemble.py::TestRerank::test_sorts_by_weight_descending
tests/unit/pipeline/test_context_assemble.py::TestAssembleContext::test_missing_role_uses_default_budget
tests/unit/pipeline/test_context_assemble.py::TestAssembleContext::test_high_climax_budget
tests/unit/pipeline/test_context_assemble.py::TestAssembleContext::test_route_a_finds_character
tests/unit/pipeline/test_context_assemble.py::TestAssembleContext::test_total_tokens_within_budget
tests/unit/pipeline/test_context_assemble.py::TestAssembleContext::test_route_b_degraded_flag_when_model_unavailable
tests/unit/pipeline/test_context_assemble.py::TestAssembleContext::test_produces_package
tests/unit/pipeline/test_context_assemble.py::TestAssembleContext::test_unknown_role_uses_default_budget
tests/unit/pipeline/test_context_assemble.py::TestAssembleContext::test_token_estimate_uses_1_5x
tests/unit/pipeline/test_context_assemble.py::TestAssembleContext::test_route_c_loads_fixed_context
tests/unit/pipeline/test_context_assemble.py::TestWriteContextFile::test_write_creates_file
tests/unit/pipeline/test_context_assemble.py::TestWriteContextFile::test_write_correct_path
tests/unit/pipeline/test_context_assemble.py::TestWriteContextFile::test_write_contains_content
tests/unit/pipeline/test_context_assemble.py::TestRouteBIntegration::test_route_b_search_works_with_stored_embeddings
tests/unit/pipeline/test_context_assemble.py::TestContextPackageMarkdown::test_to_markdown_has_sections
tests/unit/pipeline/test_context_assemble.py::TestContextPackageMarkdown::test_empty_package_markdown
tests/unit/pipeline/test_context_assemble.py::test_load_volume_context_returns_empty_for_missing_volume_map
tests/unit/pipeline/test_context_assemble.py::test_load_volume_context_returns_bridge_info_when_near_activation
tests/unit/pipeline/test_context_assemble.py::test_load_volume_context_returns_current_volume_info
tests/unit/pipeline/test_context_assemble.py::test_load_volume_context_returns_empty_for_chapter_out_of_range
tests/unit/pipeline/test_context_assemble.py::test_load_volume_context_includes_chapter_node
tests/unit/gates/g4/test_story_architecture.py::test_passes_when_all_conflicts_present
tests/unit/gates/g4/test_story_architecture.py::test_fails_when_story_frame_missing_conflict
tests/unit/gates/g4/test_story_architecture.py::test_fails_when_volume_map_missing
tests/unit/gates/g4/test_story_architecture.py::test_fails_when_story_frame_yaml_error
tests/unit/gates/g4/test_story_architecture.py::test_fails_when_volume_has_no_okrs
tests/unit/gates/test_g_dispatch.py::TestGDispatch::test_emits_valid_json_for_valid_args
tests/unit/gates/test_g_dispatch.py::TestGDispatch::test_handles_empty_round_dir
tests/unit/gates/test_g_dispatch.py::TestGTransition::test_emits_valid_json_for_valid_args
tests/unit/gates/test_g_dispatch.py::TestGTransition::test_returns_str_result
tests/unit/gates/test_g_dispatch.py::TestGReconcile::test_emits_valid_json_with_round_dir
tests/unit/gates/test_g_dispatch.py::TestGReconcile::test_emits_valid_json_with_no_args
tests/unit/gates/test_g_dispatch.py::test_g_dispatch_fails_on_non_dict_progress
tests/unit/gates/test_g_dispatch.py::test_g_dispatch_fails_when_progress_missing
tests/unit/gates/test_g_dispatch.py::test_g_dispatch_fails_on_invalid_json_progress
tests/unit/gates/test_g_dispatch.py::test_g_dispatch_passes_when_all_skills_completed
tests/unit/gates/test_g_dispatch.py::test_g_dispatch_fails_when_skills_incomplete
tests/unit/gates/test_g_dispatch.py::test_g_dispatch_fails_when_completed_skill_names_key_absent
tests/unit/pipeline/test_truth_index_population.py::TestHookIdRegex::test_p0_hook_ids_matched_in_plan
tests/unit/pipeline/test_truth_index_population.py::TestDualSourceHooks::test_frontmatter_hooks_remain_authoritative
tests/unit/pipeline/test_truth_index_population.py::TestDualSourceHooks::test_no_duplicate_when_id_in_both_sources
tests/unit/pipeline/test_truth_index_population.py::TestDualSourceHooks::test_body_only_hooks_indexed_when_frontmatter_absent
tests/unit/pipeline/test_truth_index_population.py::TestChineseOrdinalRules::test_extracts_chinese_ordinal_rules
tests/unit/pipeline/test_truth_index_population.py::TestChineseOrdinalRules::test_mixed_numeric_and_chinese_ordinals
tests/unit/pipeline/test_truth_index_population.py::TestChineseOrdinalRules::test_numeric_rules_still_work
tests/unit/pipeline/test_truth_index_population.py::TestPopulationAssertion::test_warns_when_rules_file_has_content_but_index_empty
tests/unit/pipeline/test_truth_index_population.py::TestPopulationAssertion::test_no_warning_when_index_populated
tests/unit/pipeline/test_truth_index_population.py::TestPopulationAssertion::test_no_warning_when_source_file_absent
tests/unit/gates/test_g3.py::TestG3ErrorPaths::test_g31_emits_check_with_real_deps_json
tests/unit/gates/test_g3.py::TestG3ErrorPaths::test_g33_skips_without_progress_json
tests/unit/gates/test_g3.py::TestG3ErrorPaths::test_g33_passes_with_valid_output_files
tests/unit/gates/test_g3.py::TestG3ErrorPaths::test_g34_fails_when_scorer_same_as_generator
tests/unit/gates/test_g3.py::TestG3ErrorPaths::test_g32_emits_check_with_real_acceptance_json
tests/unit/gates/test_g3.py::TestG3ErrorPaths::test_g30_returns_valid_json_with_gate_identifier
tests/unit/gates/test_g3.py::TestG3ErrorPaths::test_g30_fails_when_round_dir_missing
tests/unit/gates/test_g3.py::TestG3ErrorPaths::test_g33_skips_when_no_output_files
tests/unit/gates/test_g3.py::TestG3ErrorPaths::test_g30_fails_when_round_dir_does_not_exist
tests/unit/gates/test_g3.py::TestG3ErrorPaths::test_g34_skips_without_progress_json
tests/unit/gates/test_g3.py::TestG3ErrorPaths::test_g35_fails_when_scorer_already_scored
tests/unit/gates/test_g3.py::TestG3ErrorPaths::test_g30_includes_timestamp
tests/unit/gates/test_g3.py::TestG3DependencyCheck::test_emits_valid_json_for_bug_hunt
tests/unit/gates/test_g3.py::TestG3DependencyCheck::test_handles_missing_round_dir
tests/unit/gates/test_g3.py::TestG3DependencyCheck::test_emits_valid_json_for_valid_args
tests/unit/gates/test_g3.py::TestG3DependencyCheck::test_handles_none_arguments
tests/unit/gates/test_g3.py::test_g31_does_not_silently_query_missing_key
tests/unit/gates/test_g3.py::test_g34_fails_when_scorer_agent_equals_generator
tests/unit/gates/test_g3.py::test_g35_fails_when_scorer_already_in_history
tests/unit/gates/test_g3.py::test_g32_compares_report_scores_against_threshold
tests/unit/gates/test_g3.py::test_g34_fail_closed_when_generator_recorded_but_no_scorer
tests/unit/gates/test_g3.py::test_compute_rubric_weighted_score_returns_none_when_no_dimensions_match
tests/unit/gates/test_g3.py::test_compute_rubric_weighted_score_returns_none_when_rubric_missing
tests/unit/gates/test_g3.py::test_g33_runs_g2_when_output_files_present
tests/unit/test_logging.py::test_gates_cli_emits_data_to_stdout
tests/unit/test_logging.py::test_scoring_cli_logs_to_stderr_not_stdout
tests/unit/test_logging.py::test_configure_logging_is_idempotent
tests/unit/test_logging.py::test_configure_logging_json_emits_parseable_json
tests/unit/test_logging.py::test_phase_runner_cli_logs_to_stderr_not_stdout
tests/unit/test_logging.py::test_get_logger_returns_logger_with_standard_methods
tests/unit/test_logging.py::test_gates_cli_logs_to_stderr_not_stdout
tests/unit/test_logging.py::test_configure_logging_console_does_not_emit_json
tests/pipeline/test_dispatch_helper_keys.py::test_input_key_uses_relative_path
tests/pipeline/test_dispatch_helper_keys.py::test_injection_keys_match_disk_read_keys
tests/pipeline/test_dispatch_helper_keys.py::test_input_key_distinguishes_same_basename_different_dirs
tests/unit/skill_utils/drift_detection/test_linguistic_drift.py::test_compute_metrics_normal_prose
tests/unit/skill_utils/drift_detection/test_linguistic_drift.py::test_detect_drift_triggers_on_large_deviation
tests/unit/skill_utils/drift_detection/test_linguistic_drift.py::test_check_window_redundancy_detects_looping
tests/unit/skill_utils/drift_detection/test_linguistic_drift.py::test_system_terms_loaded_from_genre_config
tests/unit/skill_utils/drift_detection/test_linguistic_drift.py::test_check_opening_similarity_identical
tests/unit/skill_utils/drift_detection/test_linguistic_drift.py::test_detect_drift_no_false_positive
tests/unit/skill_utils/drift_detection/test_linguistic_drift.py::test_check_opening_similarity_different
tests/unit/skill_utils/drift_detection/test_linguistic_drift.py::test_frequency_divergence_flags_outlier_terms
tests/unit/skill_utils/drift_detection/test_linguistic_drift.py::test_compute_metrics_degraded_prose
tests/unit/test_dispatcher_modes.py::test_dispatch_internal_raises_dispatcher_error
tests/unit/test_dispatcher_modes.py::test_dispatch_codex_api_raises_dispatcher_error
tests/unit/pipeline/test_revision_router.py::TestCheckResonance::test_below_floor_fails
tests/unit/pipeline/test_revision_router.py::TestCheckResonance::test_none_resonance_passes
tests/unit/pipeline/test_revision_router.py::TestCheckResonance::test_at_floor_passes
tests/unit/pipeline/test_revision_router.py::TestCheckResonance::test_default_floor_is_50
tests/unit/pipeline/test_revision_router.py::TestCheckResonance::test_above_floor_passes
tests/unit/pipeline/test_revision_router.py::TestDecideRevision::test_no_blocking_resonance_at_floor_passes
tests/unit/pipeline/test_revision_router.py::TestDecideRevision::test_no_blocking_high_resonance_passes
tests/unit/pipeline/test_revision_router.py::TestDecideRevision::test_none_resonance_no_blocking_passes
tests/unit/pipeline/test_revision_router.py::TestDecideRevision::test_blocking_overrides_high_resonance
tests/unit/pipeline/test_revision_router.py::TestDecideRevision::test_craft_critical_no_blocking_low_resonance_revisions
tests/unit/pipeline/test_revision_router.py::TestDecideRevision::test_blocking_routes_to_revision
tests/unit/pipeline/test_revision_router.py::TestDecideRevision::test_no_blocking_low_resonance_revisions
tests/unit/pipeline/test_revision_router.py::TestSpecialistSkills::test_length_mapped
tests/unit/pipeline/test_revision_router.py::TestSpecialistSkills::test_escalation_skill_constant
tests/unit/pipeline/test_revision_router.py::TestSpecialistSkills::test_chapter_revision_skill_constant
tests/unit/pipeline/test_revision_router.py::TestSpecialistSkills::test_all_three_specialists
tests/unit/pipeline/test_revision_router.py::TestSpecialistSkills::test_polishing_mapped
tests/unit/pipeline/test_revision_router.py::TestSpecialistSkills::test_anti_detect_mapped
tests/unit/pipeline/test_revision_router.py::TestSpecialistSkills::test_all_values_are_shenbi
tests/unit/pipeline/test_revision_router.py::TestRouteChapterRevision::test_minor_craft_still_spot_fix
tests/unit/pipeline/test_revision_router.py::TestRouteChapterRevision::test_blocking_routes_to_regenerate
tests/unit/pipeline/test_revision_router.py::TestRouteChapterRevision::test_constrained_regenerate_when_both_present
tests/unit/pipeline/test_revision_router.py::TestRouteChapterRevision::test_empty_issues_no_revision
tests/unit/pipeline/test_revision_router.py::TestRouteChapterRevision::test_craft_only_routes_to_spot_fix
tests/unit/pipeline/test_revision_router.py::TestDispatchEscalation::test_dispatch_failure_returns_false
tests/unit/pipeline/test_revision_router.py::TestDispatchEscalation::test_successful_dispatch
tests/unit/pipeline/test_revision_router.py::TestDispatchEscalation::test_context_appended_to_prompt
tests/unit/pipeline/test_revision_router.py::TestDispatchEscalation::test_prompt_contains_chapter
tests/unit/pipeline/test_revision_router.py::TestCollectAuditIssues::test_blocking_report_sets_flag
tests/unit/pipeline/test_revision_router.py::TestCollectAuditIssues::test_critical_report_no_blocking
tests/unit/pipeline/test_revision_router.py::TestCollectAuditIssues::test_cjk_bolded_severity_blocking_detected
tests/unit/pipeline/test_revision_router.py::TestCollectAuditIssues::test_cjk_plain_severity_blocking_detected
tests/unit/pipeline/test_revision_router.py::TestCollectAuditIssues::test_cjk_severity_critical_detected
tests/unit/pipeline/test_revision_router.py::TestCollectAuditIssues::test_only_current_chapter_collected
tests/unit/pipeline/test_revision_router.py::TestCollectAuditIssues::test_severity_keyed_blocking_detected
tests/unit/pipeline/test_revision_router.py::TestCollectAuditIssues::test_no_audit_dir_returns_empty
tests/unit/pipeline/test_revision_router.py::TestCollectAuditIssues::test_multiple_reports_collected
tests/unit/pipeline/test_revision_router.py::TestCollectAuditIssues::test_no_critical_in_prose_not_detected
tests/unit/pipeline/test_revision_router.py::TestCollectAuditIssues::test_no_blocking_in_prose_not_detected
tests/unit/pipeline/test_revision_router.py::TestCollectAuditIssues::test_clean_report_no_issues
tests/unit/pipeline/test_revision_router.py::TestCollectAuditIssues::test_cjk_severity_not_blocking_in_prose
tests/unit/pipeline/test_revision_router.py::TestCollectAuditIssues::test_empty_audit_dir_returns_empty
tests/unit/test_recovery.py::TestRecoveryStrategy::test_none_is_string_none
tests/unit/test_recovery.py::TestRecoveryStrategy::test_halt_is_string_halt
tests/unit/test_recovery.py::TestRecoveryStrategy::test_enum_is_iterable
tests/unit/test_recovery.py::TestRecoveryStrategy::test_enum_has_four_members
tests/unit/test_recovery.py::TestRecoveryStrategy::test_auto_retry_is_string_auto_retry
tests/unit/test_recovery.py::TestRecoveryStrategy::test_auto_rebuild_is_string_auto_rebuild
tests/unit/test_recovery.py::TestRecoveryStrategies::test_gate_marker_missing_triggers_none
tests/unit/test_recovery.py::TestRecoveryStrategies::test_tool_tamper_triggers_halt
tests/unit/test_recovery.py::TestRecoveryStrategies::test_auto_retry_is_not_halt
tests/unit/test_recovery.py::TestRecoveryStrategies::test_all_known_errors_have_strategy
tests/unit/test_recovery.py::TestRecoveryStrategies::test_registry_missing_triggers_auto_rebuild
tests/unit/test_recovery.py::TestRecoveryStrategies::test_schema_validation_triggers_none
tests/unit/test_recovery.py::TestRecoveryStrategies::test_all_strategies_are_valid_enum_values
tests/unit/test_recovery.py::TestRecoveryStrategies::test_subagent_timeout_triggers_auto_retry
tests/unit/test_recovery.py::TestRecoveryStrategies::test_registry_stale_triggers_auto_rebuild
tests/pipeline/test_chapter_steps_restructured.py::test_chapter_steps_count
tests/pipeline/test_chapter_steps_restructured.py::test_non_conditional_steps_always_run
tests/pipeline/test_chapter_steps_restructured.py::test_chapter_revision_with_findings
tests/pipeline/test_chapter_steps_restructured.py::test_intent_management_boundary_only
tests/pipeline/test_chapter_steps_restructured.py::test_conditional_snapshot_manage_runs
tests/pipeline/test_chapter_steps_restructured.py::test_escalation_review_NOT_a_step
tests/pipeline/test_chapter_steps_restructured.py::test_no_deprecated_skills_in_steps
tests/pipeline/test_chapter_steps_restructured.py::test_drift_guidance_triggered_by_alerts
tests/unit/tools/test_audit_skill_descriptions.py::TestAuditTool::test_tool_runs_against_synthetic_dir
tests/unit/tools/test_audit_skill_descriptions.py::TestAuditTool::test_tool_exists
tests/unit/tools/test_audit_skill_descriptions.py::TestAuditTool::test_clean_dir_exits_zero
tests/unit/pipeline/test_dispatch_helper.py::TestValidateJsonOutput::test_validate_json_raises_on_unrecoverable
tests/unit/pipeline/test_dispatch_helper.py::TestValidateJsonOutput::test_validate_json_truncates_trailing_markdown
tests/unit/pipeline/test_dispatch_helper.py::TestValidateJsonOutput::test_validate_json_raises_when_recovered_object_missing_required_fields
tests/unit/pipeline/test_dispatch_helper.py::TestValidateJsonOutput::test_validate_json_recovers_decisions_with_complete_schema
tests/unit/pipeline/test_dispatch_helper.py::TestValidateJsonOutput::test_validate_json_passes_clean_json
tests/unit/pipeline/test_dispatch_helper.py::TestValidateJsonOutput::test_validate_json_skips_non_json_files
tests/unit/pipeline/test_dispatch_helper.py::TestValidateJsonOutput::test_validate_json_handles_multiple_concatenated_json_defensively
tests/unit/pipeline/test_dispatch_helper.py::TestValidateJsonOutput::test_validate_json_recovers_revision_decisions_adjustments
tests/unit/pipeline/test_dispatch_helper.py::TestOptionalReads::test_optional_reads_has_context_composing
tests/unit/pipeline/test_dispatch_helper.py::TestOptionalReads::test_skip_reads_with_unknown_skill
tests/unit/pipeline/test_dispatch_helper.py::TestOptionalReads::test_dispatch_with_unknown_skill_no_env
tests/unit/pipeline/test_dispatch_helper.py::TestOptionalReads::test_subprocess_uses_copied_env
tests/unit/pipeline/test_dispatch_helper.py::TestOptionalReads::test_dispatch_with_known_skill_sets_env
tests/unit/pipeline/test_dispatch_helper.py::TestOptionalReads::test_skip_reads_merges_with_optional
tests/unit/pipeline/test_dispatch_helper.py::TestOptionalReads::test_optional_reads_globs
tests/unit/pipeline/test_dispatch_helper.py::TestOptionalReads::test_optional_reads_has_drift_guidance
tests/unit/pipeline/test_dispatch_helper.py::TestWriteParsedOutputsIntegrity::test_clean_output_passes_through
tests/unit/pipeline/test_dispatch_helper.py::TestWriteParsedOutputsIntegrity::test_write_failure_raises_before_write
tests/unit/pipeline/test_dispatch_helper.py::TestWriteParsedOutputsIntegrity::test_prose_leakage_logged_not_raised
tests/unit/pipeline/test_dispatch_helper.py::TestWriteParsedOutputsIntegrity::test_audit_completeness_check_runs
tests/unit/pipeline/test_dispatch_helper.py::TestWildcardToRegex::test_wildcard_pattern_to_regex
tests/unit/pipeline/test_dispatch_helper.py::TestWildcardToRegex::test_wildcard_to_regex_escapes_dots
tests/unit/pipeline/test_dispatch_helper.py::TestWildcardToRegex::test_wildcard_to_regex_anchors_both_ends
tests/unit/pipeline/test_dispatch_helper.py::TestDispatchSkill::test_failure_returns_error
tests/unit/pipeline/test_dispatch_helper.py::TestDispatchSkill::test_timeout_returns_error
tests/unit/pipeline/test_dispatch_helper.py::TestDispatchSkill::test_passes_prompt_to_cli
tests/unit/pipeline/test_dispatch_helper.py::TestDispatchSkill::test_round_dir_override
tests/unit/pipeline/test_dispatch_helper.py::TestDispatchSkill::test_success_is_true
tests/unit/pipeline/test_dispatch_helper.py::TestDispatchSkill::test_calls_subprocess
tests/unit/pipeline/test_dispatch_helper.py::TestResolveWildcardPath::test_resolve_wildcard_rejects_non_matching_path
tests/unit/pipeline/test_dispatch_helper.py::TestResolveWildcardPath::test_resolve_wildcard_with_minor_characters
tests/unit/pipeline/test_dispatch_helper.py::TestResolveWildcardPath::test_resolve_wildcard_creates_directory_for_concrete_path
tests/unit/pipeline/test_dispatch_helper.py::TestResolveWildcardPath::test_resolve_wildcard_matches_pattern
tests/unit/pipeline/test_dispatch_helper.py::TestResolveWildcardPath::test_resolve_wildcard_creates_dir_for_truth_wildcard
tests/unit/pipeline/test_dispatch_helper.py::TestResolveWildcardPath::test_resolve_wildcard_rejects_deeply_nested_path
tests/unit/pipeline/test_dispatch_helper.py::TestTruthTemplates::test_does_not_overwrite_existing_file
tests/unit/pipeline/test_dispatch_helper.py::TestTruthTemplates::test_chapter_summaries_has_declared_h2
tests/unit/pipeline/test_dispatch_helper.py::TestTruthTemplates::test_character_matrix_template_created
tests/unit/pipeline/test_dispatch_helper.py::TestTruthTemplates::test_current_state_has_declared_h2_stubs
tests/unit/pipeline/test_dispatch_helper.py::TestTruthTemplates::test_yaml_frontmatter_present
tests/unit/pipeline/test_dispatch_helper.py::TestTruthTemplates::test_template_satisfies_check_fields_exist
tests/unit/pipeline/test_dispatch_helper.py::TestTruthTemplates::test_seeds_all_four_files
tests/unit/pipeline/test_dispatch_helper.py::TestWriteParsedOutputsWithWildcards::test_writes_concrete_path_matching_wildcard
tests/unit/pipeline/test_dispatch_helper.py::TestWriteParsedOutputsWithWildcards::test_writes_multiple_wildcard_matches
tests/unit/pipeline/test_dispatch_helper.py::TestWriteParsedOutputsWithWildcards::test_non_matching_parsed_output_is_skipped
tests/unit/pipeline/test_dispatch_helper.py::TestWriteParsedOutputsWithWildcards::test_wildcard_and_literal_paths_together
tests/unit/pipeline/test_dispatch_helper.py::TestRunGateG3::test_passes_generative_test_type
tests/unit/pipeline/test_dispatch_helper.py::TestRunGateG3::test_invalid_json_returns_fail
tests/unit/pipeline/test_dispatch_helper.py::TestRunGateG3::test_parses_json_output
tests/unit/pipeline/test_dispatch_helper.py::TestRunGateG3::test_timeout_returns_fail
tests/unit/pipeline/test_dispatch_helper.py::TestPlanSkeletonInjection::test_chapter_planning_prompt_includes_skeleton
tests/unit/pipeline/test_dispatch_helper.py::TestRequiresIndependent::test_unknown_skill_returns_false
tests/unit/pipeline/test_dispatch_helper.py::TestRequiresIndependent::test_worldbuilding_not_independent
tests/unit/pipeline/test_dispatch_helper.py::TestRequiresIndependent::test_resonance_is_independent
tests/unit/pipeline/test_dispatch_helper.py::TestMultiFileOutputFormat::test_single_file_prompt_omits_schema_reminder
tests/unit/pipeline/test_dispatch_helper.py::TestMultiFileOutputFormat::test_multi_file_prompt_includes_schema_reminder
tests/unit/pipeline/test_dispatch_helper.py::TestSanitizeJsonContent::test_sanitize_handles_clean_input
tests/unit/pipeline/test_dispatch_helper.py::TestSanitizeJsonContent::test_sanitize_strips_illegal_control_characters
tests/unit/pipeline/test_dispatch_helper.py::TestSanitizeJsonContent::test_sanitize_preserves_legal_control_characters
tests/unit/pipeline/test_dispatch_helper.py::TestSanitizeJsonContent::test_sanitize_handles_chinese_characters
tests/unit/pipeline/test_dispatch_helper.py::TestRetryWriteConfirmation::test_retry_prompt_includes_signature
tests/unit/pipeline/test_dispatch_helper.py::TestRetryWriteConfirmation::test_empty_signature_still_produces_critical
tests/unit/pipeline/test_dispatch_helper.py::TestRetryWriteConfirmation::test_non_dispatch_write_error_returns_generic
tests/unit/pipeline/test_dispatch_helper.py::TestResolveAllWildcards::test_resolve_all_creates_directories
tests/unit/pipeline/test_dispatch_helper.py::TestResolveAllWildcards::test_resolve_all_returns_empty_for_no_match
tests/unit/pipeline/test_dispatch_helper.py::TestResolveAllWildcards::test_resolve_all_matches_single_pattern
tests/unit/pipeline/test_dispatch_helper.py::TestResolveAllWildcards::test_resolve_all_handles_literal_fallback
tests/unit/pipeline/test_dispatch_helper.py::TestRunGateG4::test_builds_comma_separated_file_arg
tests/unit/pipeline/test_dispatch_helper.py::TestRunGateG4::test_parses_json_output
tests/unit/pipeline/test_dispatch_helper.py::TestRunGateG4::test_invalid_json_returns_fail
tests/unit/pipeline/test_final_review_fixes.py::TestI3StateSettleStagingGlob::test_multiple_truth_files_committed
tests/unit/pipeline/test_final_review_fixes.py::TestI5VolumeSubstitution::test_step4_g4_gets_substituted_path
tests/unit/pipeline/test_final_review_fixes.py::TestI5VolumeSubstitution::test_substitute_volume
tests/unit/pipeline/test_final_review_fixes.py::TestI5VolumeSubstitution::test_resolve_closure_g4_path_with_N
tests/unit/pipeline/test_final_review_fixes.py::TestI5VolumeSubstitution::test_resolve_closure_g4_path_no_volume_map
tests/unit/pipeline/test_final_review_fixes.py::TestI5VolumeSubstitution::test_resolve_closure_g4_path_no_N
tests/unit/pipeline/test_final_review_fixes.py::TestI5VolumeSubstitution::test_resolve_closure_g4_path_empty
tests/unit/pipeline/test_final_review_fixes.py::TestI1TriggeredFailureChecked::test_dispatch_failure_returns_false
tests/unit/pipeline/test_final_review_fixes.py::TestI1TriggeredFailureChecked::test_success_returns_true
tests/unit/pipeline/test_final_review_fixes.py::TestC1TriggerReFireGuard::test_step_index_advances_past_trigger_block_on_checkpoint
tests/unit/pipeline/test_final_review_fixes.py::TestC2EmbeddingPath::test_truth_embed_uses_truth_embeddings_db
tests/unit/pipeline/test_final_review_fixes.py::TestC2EmbeddingPath::test_genesis_uses_truth_embeddings_db
tests/unit/pipeline/test_final_review_fixes.py::TestC2EmbeddingPath::test_context_assemble_uses_truth_embeddings_db
tests/unit/pipeline/test_final_review_fixes.py::TestI2ClosureRetry::test_dispatch_failure_retries_then_advances
tests/unit/pipeline/test_final_review_fixes.py::TestI2ClosureRetry::test_exhausted_retries_returns_false
tests/unit/pipeline/test_final_review_fixes.py::TestI2ClosureRetry::test_g4_failure_retries
tests/unit/pipeline/test_final_review_fixes.py::TestI4BookClosureRejectTransition::test_transition_closure_to_chapter_loop
tests/unit/pipeline/test_final_review_fixes.py::TestI4BookClosureRejectTransition::test_review_reject_book_closure_transitions
tests/unit/skill_utils/test_escalation.py::test_check_escalation_returns_signal_for_regeneration_loop
tests/unit/skill_utils/test_escalation.py::test_no_decline_when_insufficient_samples
tests/unit/skill_utils/test_escalation.py::test_check_escalation_returns_signal_for_volume_objective_missed
tests/unit/skill_utils/test_escalation.py::test_check_escalation_returns_signal_for_arc_score_below_70
tests/unit/skill_utils/test_escalation.py::test_check_escalation_no_signals_when_all_healthy
tests/unit/skill_utils/test_escalation.py::test_no_decline_when_scores_stable
tests/unit/skill_utils/test_escalation.py::test_check_escalation_returns_signal_for_decline
tests/unit/skill_utils/test_escalation.py::test_check_escalation_returns_signal_for_sensitivity_blocking
tests/unit/skill_utils/test_escalation.py::test_decline_detected_with_clear_downward_trend
tests/unit/skill_utils/test_escalation.py::test_check_escalation_returns_signal_for_stratum_axis_drift
tests/unit/pipeline/test_truth_index.py::TestBuildIndex::test_hooks_indexed
tests/unit/pipeline/test_truth_index.py::TestBuildIndex::test_empty_project_returns_empty_index
tests/unit/pipeline/test_truth_index.py::TestBuildIndex::test_characters_indexed
tests/unit/pipeline/test_truth_index.py::TestBuildIndex::test_character_uses_frontmatter_name
tests/unit/pipeline/test_truth_index.py::TestBuildIndex::test_rules_indexed
tests/unit/pipeline/test_truth_index.py::TestBuildIndex::test_character_falls_back_to_stem_when_no_frontmatter
tests/unit/pipeline/test_truth_index.py::TestTruthIndexSerialization::test_to_json_empty_index_is_valid_json
tests/unit/pipeline/test_truth_index.py::TestTruthIndexSerialization::test_entry_is_dataclass
tests/unit/pipeline/test_truth_index.py::TestTruthIndexSerialization::test_all_known_names
tests/unit/pipeline/test_truth_index.py::TestTruthIndexSerialization::test_to_json_round_trip
tests/unit/pipeline/test_truth_index.py::TestQueryIndex::test_query_known_hook
tests/unit/pipeline/test_truth_index.py::TestQueryIndex::test_query_unknown_character_empty
tests/unit/pipeline/test_truth_index.py::TestQueryIndex::test_query_with_no_kwargs_returns_empty
tests/unit/pipeline/test_truth_index.py::TestQueryIndex::test_query_mixed_and_filters_unknown
tests/unit/pipeline/test_truth_index.py::TestQueryIndex::test_query_known_rule
tests/unit/pipeline/test_truth_index.py::TestQueryIndex::test_query_known_character
tests/unit/pipeline/test_truth_index.py::TestExtractEntitiesFromPlan::test_extracts_hook_ids
tests/unit/pipeline/test_truth_index.py::TestExtractEntitiesFromPlan::test_extracts_characters_by_known_name
tests/unit/pipeline/test_truth_index.py::TestExtractEntitiesFromPlan::test_empty_plan_returns_all_empty
tests/unit/pipeline/test_truth_index.py::TestExtractEntitiesFromPlan::test_hook_regex_ignores_non_id_letter_prefixes
tests/unit/pipeline/test_truth_index.py::TestExtractEntitiesFromPlan::test_extracts_rules
tests/unit/pipeline/test_truth_index.py::TestExtractEntitiesFromPlan::test_does_not_match_unknown_name
tests/unit/pipeline/test_truth_index.py::TestExtractEntitiesFromPlan::test_duplicate_hook_ids_are_deduped
tests/unit/pipeline/test_truth_index.py::TestCJKEntityExtraction::test_multiple_cjk_characters_extracted
tests/unit/pipeline/test_truth_index.py::TestCJKEntityExtraction::test_cjk_character_indexed_by_chinese_name
tests/unit/pipeline/test_truth_index.py::TestCJKEntityExtraction::test_cjk_hook_content_stored_and_id_extracted
tests/unit/pipeline/test_truth_index.py::TestCJKEntityExtraction::test_cjk_character_extracted_from_plan
tests/unit/gates/g4/test_chapter_drafting.py::test_fails_when_no_chapter_end_hook
tests/unit/gates/g4/test_chapter_drafting.py::test_fails_when_pre_write_check_missing
tests/unit/gates/g4/test_chapter_drafting.py::test_fails_when_transition_density_too_high
tests/unit/gates/g4/test_chapter_drafting.py::test_fails_when_post_write_check_missing
tests/unit/gates/g4/test_chapter_drafting.py::test_fails_when_no_visual_scene
tests/unit/gates/g4/test_chapter_drafting.py::test_fails_when_content_overlap_above_40_percent
tests/unit/gates/g4/test_chapter_drafting.py::test_chapter_drafting_skill_has_meta_warning_block
tests/unit/gates/g4/test_chapter_drafting.py::test_protagonist_presence_check_passes_with_sufficient_mentions
tests/unit/gates/g4/test_chapter_drafting.py::test_fails_when_fatigue_words_exceeded
tests/unit/gates/g4/test_chapter_drafting.py::test_protagonist_presence_check_detects_absence
tests/unit/pipeline/test_snapshot_coverage.py::TestSnapshotChapterFiles::test_snapshot_skips_when_chapter_does_not_exist
tests/unit/pipeline/test_snapshot_coverage.py::TestSnapshotChapterFiles::test_snapshot_creates_labeled_copy
tests/unit/pipeline/test_snapshot_coverage.py::TestMinChineseChars::test_counts_only_cjk
tests/unit/pipeline/test_snapshot_coverage.py::TestMinChineseChars::test_detects_short_content
tests/unit/pipeline/test_snapshot_coverage.py::TestMinChineseChars::test_passes_normal_prose
tests/unit/pipeline/test_snapshot_coverage.py::TestRegisterEmergencyHandlers::test_is_shutdown_requested_defaults_false
tests/unit/pipeline/test_snapshot_coverage.py::TestRegisterEmergencyHandlers::test_register_does_not_raise
tests/unit/pipeline/test_snapshot_coverage.py::TestCoreSnapshotFiles::test_only_includes_chapter_artifacts
tests/unit/contracts/test_paths.py::TestExtractChapter::test_subchapter_not_matched
tests/unit/contracts/test_paths.py::TestExtractChapter::test_case_insensitive
tests/unit/contracts/test_paths.py::TestExtractChapter::test_word_boundary
tests/unit/contracts/test_paths.py::TestResolveVolumePath::test_volume_none_raises
tests/unit/contracts/test_paths.py::TestResolveVolumePath::test_volume_no_zero_pad
tests/unit/contracts/test_paths.py::TestResolveOrSkip::test_chapter_resolves
tests/unit/contracts/test_paths.py::TestResolveOrSkip::test_genesis_skips_placeholder
tests/unit/contracts/test_paths.py::TestResolveChapterPath::test_n_bounded_at_separator
tests/unit/contracts/test_paths.py::TestResolveChapterPath::test_lowercase_n_unaffected
tests/unit/contracts/test_paths.py::TestResolveChapterPath::test_none_with_placeholder_raises
tests/unit/contracts/test_paths.py::TestResolveChapterPath::test_nnn_zero_pads
tests/unit/contracts/test_paths.py::TestResolveChapterPath::test_none_without_placeholder_passes
tests/unit/contracts/test_paths.py::TestResolveChapterPath::test_n_not_corrupted_mid_token_uppercase
tests/unit/test_plugins_generate.py::test_generate_all_writes_all_platform_manifests
tests/unit/test_plugins_generate.py::test_gen_codex_adds_marketplace_and_type
tests/unit/test_plugins_generate.py::test_load_master_raises_on_non_dict_master
tests/unit/test_plugins_generate.py::test_load_master_raises_on_missing_required_fields
tests/unit/test_plugins_generate.py::test_load_master_returns_dict_with_required_fields
tests/unit/test_plugins_generate.py::test_main_delegates_to_generate_all
tests/unit/test_plugins_generate.py::test_common_header_returns_canonical_key_order
tests/unit/test_plugins_generate.py::test_load_master_with_valid_master_fails_on_bad_data
tests/unit/test_plugins_generate.py::test_generate_all_unknown_format_returns_1
tests/unit/config/test_production_config_coherence.py::test_production_passes_coherence_check
tests/unit/config/test_production_config_coherence.py::test_production_texture_is_enabled
tests/unit/config/test_production_config_coherence.py::test_production_resonance_floor_matches_default
tests/unit/contracts/schemas/test_hooks.py::TestParseHookState::test_case_insensitive
tests/unit/contracts/schemas/test_hooks.py::TestParseHookState::test_expired_not_triggered
tests/unit/contracts/schemas/test_hooks.py::TestParseHookState::test_empty_returns_none
tests/unit/contracts/schemas/test_hooks.py::TestParseHookState::test_canonical_uppercase
tests/unit/contracts/schemas/test_hooks.py::TestParseHookState::test_unknown_returns_none
tests/unit/contracts/schemas/test_hooks.py::TestParseHookState::test_noncanonical_trigger_maps_to_triggered
tests/unit/contracts/schemas/test_hooks.py::TestParseHookState::test_whitespace_only_returns_none
tests/unit/contracts/schemas/test_hooks.py::TestParseHookState::test_expired_lowercase
tests/unit/contracts/schemas/test_hooks.py::TestParseHookState::test_all_six_round_trip
tests/unit/contracts/schemas/test_hooks.py::TestHookStateEnum::test_is_str_enum
tests/unit/contracts/schemas/test_hooks.py::TestHookStateEnum::test_six_canonical_values
tests/unit/gates/g4/test_plot_thread_weaver.py::test_fails_when_no_lines
tests/unit/gates/g4/test_plot_thread_weaver.py::test_passes_with_valid_thread_map
tests/unit/gates/g4/test_plot_thread_weaver.py::test_fails_when_thread_map_missing
tests/unit/gates/test_g0_skill_contract.py::TestDescriptionLength::test_max_chars_is_500
tests/unit/gates/test_g0_skill_contract.py::TestDescriptionLength::test_too_long_description_flagged
tests/unit/gates/test_g0_skill_contract.py::TestDescriptionLength::test_exactly_500_passes
tests/unit/gates/test_g0_skill_contract.py::TestWriteUpdateOverlap::test_overlap_flagged
tests/unit/gates/test_g0_skill_contract.py::TestWriteUpdateOverlap::test_disjoint_passes
tests/unit/gates/test_g0_skill_contract.py::TestRealSkillsTree::test_all_real_skills_pass_contract_check
tests/unit/gates/test_g0_skill_contract.py::TestEmptyIssuesOnCleanContract::test_clean_contract_no_issues
tests/unit/gates/test_g0_skill_contract.py::TestBehavioralText::test_trigger_only_passes
tests/unit/gates/test_g0_skill_contract.py::TestBehavioralText::test_behavioral_flagged
tests/unit/gates/test_g0_skill_contract.py::TestBehavioralText::test_generates_flagged
tests/unit/gates/test_g0_skill_contract.py::TestMissingWriteSemantics::test_update_with_mode_passes
tests/unit/gates/test_g0_skill_contract.py::TestMissingWriteSemantics::test_update_without_mode_flagged
tests/unit/cost/test_pricing.py::TestResolveModel::test_env_used_when_no_arg
tests/unit/cost/test_pricing.py::TestResolveModel::test_env_used_when_none
tests/unit/cost/test_pricing.py::TestResolveModel::test_default_constant_matches_pricing_key
tests/unit/cost/test_pricing.py::TestResolveModel::test_default_when_unset
tests/unit/cost/test_pricing.py::TestResolveModel::test_empty_string_env_used_as_is
tests/unit/cost/test_pricing.py::TestResolveModel::test_explicit_model_wins
tests/unit/cost/test_pricing.py::TestEstimateCost::test_each_known_model_produces_monotonic_cost[deepseek-v4-flash]
tests/unit/cost/test_pricing.py::TestEstimateCost::test_model_from_env_not_explicit
tests/unit/cost/test_pricing.py::TestEstimateCost::test_empty_usage_dict_zero_cost
tests/unit/cost/test_pricing.py::TestEstimateCost::test_missing_tokens_treated_as_zero
tests/unit/cost/test_pricing.py::TestEstimateCost::test_explicit_none_uses_env_or_default
tests/unit/cost/test_pricing.py::TestEstimateCost::test_float_tokens_cast_to_int
tests/unit/cost/test_pricing.py::TestEstimateCost::test_known_model_uses_its_rates
tests/unit/cost/test_pricing.py::TestEstimateCost::test_zero_tokens_zero_cost
tests/unit/cost/test_pricing.py::TestPricingTable::test_each_entry_has_input_and_output_rates
tests/unit/cost/test_pricing.py::TestPricingTable::test_pricing_has_default_model
tests/unit/cost/test_pricing.py::TestPricingTable::test_default_model_is_deepseek_v4_flash
tests/unit/contracts/test_registry_pipeline_producers.py::test_pipeline_files_marked_pipeline_producer
tests/unit/contracts/test_registry_pipeline_producers.py::test_shared_files_marked_shared_producer
tests/unit/contracts/test_registry_pipeline_producers.py::test_registry_loads
tests/unit/contracts/test_registry_pipeline_producers.py::test_d20_real_flatfile_registered
tests/unit/contracts/test_registry_pipeline_producers.py::test_d20_fictional_dir_concept_deprecated
tests/unit/contracts/test_registry_pipeline_producers.py::test_default_producer_is_skill_for_truth_concepts
tests/unit/contracts/test_registry_pipeline_producers.py::test_external_seeds_marked_external_producer
tests/unit/gates/g4/test_power_system.py::test_fails_with_few_table_rows
tests/unit/gates/g4/test_power_system.py::test_passes_with_complete_power_system
tests/unit/gates/g4/test_power_system.py::test_fails_when_power_system_missing
tests/unit/gates/g4/test_power_system.py::test_fails_when_advancement_missing
tests/pipeline/test_linguistic_drift.py::test_em_dash_density_warns
tests/pipeline/test_linguistic_drift.py::test_no_chapter_returns_empty
tests/pipeline/test_linguistic_drift.py::test_system_term_density_warns
tests/unit/gates/g4/test_chapter_planning_role.py::test_plan_with_chapter_role_passes[\u8fc7\u6e21]
tests/unit/gates/g4/test_chapter_planning_role.py::test_plan_with_chapter_role_passes[\u94fa\u57ab]
tests/unit/gates/g4/test_chapter_planning_role.py::test_plan_with_chapter_role_passes[\u8f6c\u6298]
tests/unit/gates/g4/test_chapter_planning_role.py::test_plan_with_chapter_role_passes[\u9ad8\u6f6e]
tests/unit/gates/g4/test_chapter_planning_role.py::test_plan_with_chapter_role_passes[\u63a8\u8fdb]
tests/unit/gates/g4/test_chapter_planning_role.py::test_canonical_template_role_token_passes_g4
tests/unit/gates/g4/test_chapter_planning_role.py::test_invalid_chapter_role_value_rejected
tests/unit/gates/g4/test_chapter_planning_role.py::test_chapter_role_accepts_fullwidth_colon
tests/unit/gates/g4/test_chapter_planning_role.py::test_plan_with_chapter_role_passes[\u5151\u73b0]
tests/unit/gates/g4/test_chapter_planning_role.py::test_plan_without_chapter_role_fails_g4
tests/unit/test_generate_autocheck_docs.py::test_inject_creates_block
tests/unit/test_generate_autocheck_docs.py::test_tampered_block_overwritten_on_regen
tests/unit/test_generate_autocheck_docs.py::test_inject_idempotent
tests/unit/test_generate_autocheck_docs.py::test_render_includes_computed_fields
tests/unit/test_generate_autocheck_docs.py::test_render_includes_formula
tests/unit/test_generate_autocheck_docs.py::test_render_includes_thresholds
tests/gates/g4/test_hook_fulfillment.py::TestHookFulfillment::test_detects_missing_hooks
tests/gates/g4/test_hook_fulfillment.py::TestHookFulfillment::test_plan_missing_returns_empty
tests/gates/g4/test_hook_fulfillment.py::TestHookFulfillment::test_handles_hook_ids_with_letters
tests/gates/g4/test_hook_fulfillment.py::TestHookFulfillment::test_no_hooks_in_plan_returns_empty
tests/gates/g4/test_hook_fulfillment.py::TestHookFulfillment::test_passes_when_all_hooks_fulfilled
tests/unit/pipeline/test_seed_parser.py::TestSplitKeyValue::test_no_colon_returns_none
tests/unit/pipeline/test_seed_parser.py::TestSplitKeyValue::test_fullwidth_colon
tests/unit/pipeline/test_seed_parser.py::TestSplitKeyValue::test_english_key_with_fullwidth_colon_in_value
tests/unit/pipeline/test_seed_parser.py::TestSplitKeyValue::test_ascii_colon
tests/unit/pipeline/test_seed_parser.py::TestSplitKeyValue::test_chinese_key_value_with_ascii_colon_in_value
tests/unit/pipeline/test_seed_parser.py::TestParseSeed::test_parse_world_rules
tests/unit/pipeline/test_seed_parser.py::TestParseSeed::test_parse_core_conflict
tests/unit/pipeline/test_seed_parser.py::TestParseSeed::test_parse_protagonist
tests/unit/pipeline/test_seed_parser.py::TestParseSeed::test_parse_missing_file_raises
tests/unit/pipeline/test_seed_parser.py::TestParseSeed::test_parse_narrative_techniques
tests/unit/pipeline/test_seed_parser.py::TestParseSeed::test_parse_basic_info
tests/unit/pipeline/test_seed_parser.py::TestParseSeed::test_parse_does_not_set_total_chapters
tests/unit/pipeline/test_seed_parser.py::TestParseSeed::test_parse_three_act
tests/unit/pipeline/test_seed_parser.py::TestParseSeed::test_parse_real_chinese_fixture
tests/unit/gates/g4/test_review_resonance.py::test_missing_file_line_evidence_fails
tests/unit/gates/g4/test_review_resonance.py::test_match_verdict_full_width_colon_already_handled
tests/unit/gates/g4/test_review_resonance.py::test_match_verdict_none_for_no_match
tests/unit/gates/g4/test_review_resonance.py::test_match_verdict_standard_already_handled
tests/unit/gates/g4/test_review_resonance.py::test_invalid_verdict_value_fails
tests/unit/gates/g4/test_review_resonance.py::test_missing_full_score_column_fails
tests/unit/gates/g4/test_review_resonance.py::test_valid_report_passes
tests/unit/gates/g4/test_review_resonance.py::test_accepts_each_valid_verdict[\u5f85\u4eba\u673a\u590d\u6838]
tests/unit/gates/g4/test_review_resonance.py::test_match_verdict_english_prefix_is_the_genuine_gap
tests/unit/gates/g4/test_review_resonance.py::test_match_verdict_no_space_already_handled
tests/unit/gates/g4/test_review_resonance.py::test_empty_file_list_skips
tests/unit/gates/g4/test_review_resonance.py::test_accepts_each_valid_verdict[\u963b\u65ad]
tests/unit/gates/g4/test_review_resonance.py::test_match_verdict_bold_format_is_the_genuine_gap
tests/unit/gates/g4/test_review_resonance.py::test_nonexistent_file_fails
tests/unit/gates/g4/test_review_resonance.py::test_accepts_each_valid_verdict[\u901a\u8fc7]
tests/unit/gates/g4/test_review_resonance.py::test_missing_calibration_section_fails
tests/unit/gates/g4/test_review_resonance.py::test_missing_confidence_column_fails
tests/unit/skill_utils/test_drift_triggers_integration.py::test_full_path_monotonic_decline_fires
tests/unit/skill_utils/test_drift_triggers_integration.py::test_main_cli_positive_writes_audit_and_exits_nonzero
tests/unit/skill_utils/test_drift_triggers_integration.py::test_full_path_volume_stable_no_finding
tests/unit/skill_utils/test_drift_triggers_integration.py::test_full_path_volume_decline_fires
tests/unit/skill_utils/test_drift_triggers_integration.py::test_full_path_stable_series_no_finding
tests/unit/skill_utils/test_drift_triggers_integration.py::test_full_path_overridden_chapter_breaks_decline
tests/unit/skill_utils/test_drift_triggers_integration.py::test_main_cli_negative_exits_zero_and_writes_nothing
tests/unit/skill_utils/test_drift_triggers_integration.py::test_full_path_below_mean_2sigma_fires
tests/unit/cost/test_estimate.py::TestEstimate::test_english_approx_4_chars_per_token
tests/unit/cost/test_estimate.py::TestEstimate::test_cjk_uses_smaller_ratio
tests/unit/cost/test_estimate.py::TestEstimate::test_mixed
tests/unit/cost/test_estimate.py::TestContextLimits::test_default_model_has_limit
tests/unit/cost/test_estimate.py::TestContextLimits::test_warn_fraction_is_0_8
tests/unit/cost/test_estimate.py::TestWarnIfOverBudget::test_small_prompt_no_warning
tests/unit/cost/test_estimate.py::TestWarnIfOverBudget::test_huge_prompt_warns
tests/unit/cost/test_estimate.py::TestWarnIfOverBudget::test_unknown_model_uses_default_no_crash
tests/unit/audit/test_record.py::test_pass_writes_unblocked_ledger
tests/unit/audit/test_record.py::test_fail_writes_blocked_ledger
tests/unit/audit/test_record.py::test_drift_also_blocks
tests/unit/test_round_paths.py::test_frozen
tests/unit/test_round_paths.py::test_chapter_substitution
tests/unit/test_round_paths.py::test_backup_same_root_as_write
tests/unit/test_round_paths.py::test_read_prefers_round_dir
tests/unit/test_round_paths.py::test_read_falls_back_to_project_dir
tests/unit/test_round_paths.py::test_write_always_round_dir
tests/unit/gates/test_g4_signatures.py::test_gate_g4_threads_params_to_generic_bug_hunt
tests/unit/gates/test_g4_signatures.py::test_gate_g4_project_dir_repo_root_default_none
tests/unit/gates/test_g4_signatures.py::test_gate_g4_accepts_project_dir_and_repo_root
tests/unit/gates/test_shared.py::TestNormalizeFilePaths::test_converts_tuple_to_list_of_strings
tests/unit/gates/test_shared.py::TestNormalizeFilePaths::test_strips_whitespace_in_string_split
tests/unit/gates/test_shared.py::TestNormalizeFilePaths::test_passes_through_list_unchanged
tests/unit/gates/test_shared.py::TestNormalizeFilePaths::test_returns_empty_list_for_none
tests/unit/gates/test_shared.py::TestNormalizeFilePaths::test_splits_comma_separated_string
tests/unit/gates/test_shared.py::TestSharedErrorPaths::test_jload_raises_on_primitive_json
tests/unit/gates/test_shared.py::TestSharedErrorPaths::test_yload_raises_on_non_dict_yaml
tests/unit/gates/test_shared.py::TestSharedErrorPaths::test_unimplemented_returns_valid_json
tests/unit/gates/test_shared.py::TestSharedErrorPaths::test_yload_returns_empty_dict_for_empty_file
tests/unit/gates/test_shared.py::TestSharedErrorPaths::test_jload_raises_on_non_dict_json
tests/unit/gates/test_shared.py::TestCountTransitionWords::test_counts_multiple_transitions
tests/unit/gates/test_shared.py::TestCountTransitionWords::test_excludes_ran_in_ran_er
tests/unit/gates/test_shared.py::TestCountTransitionWords::test_returns_zero_for_empty_string
tests/unit/gates/test_shared.py::TestCountTransitionWords::test_counts_tu_ran_once
tests/unit/gates/test_shared.py::TestCountTransitionWords::test_counts_bare_ran
tests/unit/gates/test_shared.py::TestCountTransitionWords::test_excludes_ran_in_sui_ran
tests/unit/gates/test_shared.py::TestFindReport::test_falls_back_to_skill_json_only
tests/unit/gates/test_shared.py::TestFindReport::test_finds_skill_test_type_scores_variant
tests/unit/gates/test_shared.py::TestFindReport::test_returns_none_when_no_match
tests/unit/gates/test_shared.py::TestFindReport::test_returns_none_when_test_type_none_and_only_typed_files_exist
tests/unit/gates/test_shared.py::TestFindReport::test_falls_back_to_skill_test_type_json
tests/unit/gates/test_shared.py::TestWordCountMd::test_counts_cjk_characters_only
tests/unit/gates/test_shared.py::TestWordCountMd::test_ascii_only_returns_zero
tests/unit/gates/test_shared.py::TestWordCountMd::test_strips_yaml_frontmatter_before_counting
tests/unit/gates/test_shared.py::TestWordCountMd::test_strips_code_blocks_before_counting
tests/unit/gates/test_shared.py::TestReadGenreConfig::test_returns_empty_dict_on_invalid_json
tests/unit/gates/test_shared.py::TestReadGenreConfig::test_loads_valid_genre_config
tests/unit/gates/test_shared.py::TestReadGenreConfig::test_returns_empty_dict_when_missing
tests/unit/gates/test_shared.py::TestWriteGateMarker::test_no_op_when_round_dir_none
tests/unit/gates/test_shared.py::TestWriteGateMarker::test_writes_marker_file_on_pass
tests/unit/gates/test_shared.py::TestWriteGateMarker::test_skips_writing_on_fail_result
tests/unit/gates/test_shared.py::TestPassedFailFormat::test_fail_emits_fail_status_with_must_fix
tests/unit/gates/test_shared.py::TestPassedFailFormat::test_passed_emits_pass_status_with_checks
tests/unit/gates/test_shared.py::TestPassedFailFormat::test_passed_and_fail_share_timestamp_format
tests/unit/gates/test_shared.py::TestJload::test_loads_valid_json_file
tests/unit/gates/test_shared.py::TestJload::test_raises_on_invalid_json
tests/unit/gates/test_shared.py::TestJload::test_handles_utf8_content
tests/unit/gates/test_shared.py::TestJload::test_accepts_path_or_string
tests/unit/gates/test_shared.py::TestYload::test_returns_empty_dict_for_empty_frontmatter
tests/unit/gates/test_shared.py::TestYload::test_loads_full_yaml_when_no_frontmatter
tests/unit/gates/test_shared.py::TestYload::test_loads_frontmatter_from_markdown
tests/unit/pipeline/test_closure.py::TestClosureStepDataclass::test_defaults
tests/unit/pipeline/test_closure.py::TestRunClosureStep::test_g4_failure_returns_false
tests/unit/pipeline/test_closure.py::TestRunClosureStep::test_records_step_completion
tests/unit/pipeline/test_closure.py::TestRunClosureStep::test_dispatches_correct_skill_for_step_0
tests/unit/pipeline/test_closure.py::TestRunClosureStep::test_g4_pass_is_str_enum
tests/unit/pipeline/test_closure.py::TestRunClosureStep::test_runs_step_and_advances
tests/unit/pipeline/test_closure.py::TestRunClosureStep::test_all_steps_consumed_completed
tests/unit/pipeline/test_closure.py::TestRunClosureStep::test_step_10_blocked_until_checkpoint_cleared
tests/unit/pipeline/test_closure.py::TestRunClosureStep::test_full_run_to_checkpoint
tests/unit/pipeline/test_closure.py::TestRunClosureStep::test_dispatch_failure_returns_false
tests/unit/pipeline/test_closure.py::TestRunClosureStep::test_g4_skip_passes
tests/unit/pipeline/test_closure.py::TestClosureSteps::test_foreshadowing_resolve_first
tests/unit/pipeline/test_closure.py::TestClosureSteps::test_style_learning_present
tests/unit/pipeline/test_closure.py::TestClosureSteps::test_memory_distill_present
tests/unit/pipeline/test_closure.py::TestClosureSteps::test_step_count
tests/unit/pipeline/test_closure.py::TestClosureSteps::test_volume_consolidation_present
tests/unit/pipeline/test_closure.py::TestClosureSteps::test_review_long_span_present
tests/unit/pipeline/test_closure.py::TestClosureSteps::test_snapshot_manage_last
tests/unit/pipeline/test_closure.py::TestClosureSteps::test_review_arc_payoff_present
tests/unit/pipeline/test_closure.py::TestClosureSteps::test_score_volume_present
tests/unit/pipeline/test_closure.py::TestClosureSteps::test_step_nums_sequential
tests/unit/pipeline/test_closure.py::TestClosureSteps::test_foundation_review_present
tests/unit/pipeline/test_closure.py::TestClosureSteps::test_chapter_pattern_present
tests/unit/records/test_golden_parse.py::test_parse_matches_golden_baseline
tests/unit/contracts/test_canaries.py::TestCrossLayerSeam::test_valid_doc_passes_both_gates
tests/unit/contracts/test_canaries.py::TestCrossLayerSeam::test_schema_mutation_flips_both_gates_in_lockstep
tests/unit/contracts/test_canaries.py::TestCrossLayerSeam::test_g2_and_g4_share_the_canonical_decisionsdoc
tests/unit/contracts/test_canaries.py::TestCrossLayerSeam::test_consistent_failure_on_same_bad_input
tests/unit/contracts/test_canaries.py::test_sentinel_index_references_real_tests
tests/unit/contracts/test_fields.py::TestMatchField::test_exact_match
tests/unit/contracts/test_fields.py::TestMatchField::test_zero_width_not_folded
tests/unit/contracts/test_fields.py::TestMatchField::test_fullwidth_space_folded
tests/unit/contracts/test_fields.py::TestMatchField::test_no_lowercase
tests/unit/contracts/test_fields.py::TestMatchField::test_multiple_spaces_folded
tests/unit/contracts/test_fields.py::TestMatchField::test_strips_whitespace
tests/unit/contracts/test_fields.py::TestFilterToFields::test_json_projects_keys
tests/unit/contracts/test_fields.py::TestFilterToFields::test_escape_hatch_returns_full_when_no_match
tests/unit/contracts/test_fields.py::TestFilterToFields::test_filters_to_declared_sections
tests/unit/gates/g4/test_volume_outlining.py::test_fails_when_volume_incomplete
tests/unit/gates/g4/test_volume_outlining.py::test_fails_when_no_volumes
tests/unit/gates/g4/test_volume_outlining.py::test_fails_when_volume_map_missing
tests/unit/gates/g4/test_volume_outlining.py::test_passes_with_complete_volume
tests/unit/gates/test_g7_trace.py::test_audit_no_trace_ok
tests/unit/gates/test_g7_trace.py::test_audit_clean_trace
tests/unit/gates/test_g7_trace.py::test_audit_detects_tamper
tests/unit/pipeline/test_plan_skeleton.py::test_skeleton_section_7_includes_pending_bridges
tests/unit/pipeline/test_plan_skeleton.py::test_skeleton_has_eight_sections
tests/unit/pipeline/test_plan_skeleton.py::test_skeleton_section_5_is_llm_generated_placeholder
tests/unit/pipeline/test_plan_skeleton.py::test_skeleton_marks_prefilled_sections_as_editable_context
tests/unit/pipeline/test_plan_skeleton.py::test_skeleton_section_1_prefilled_from_volume_map
tests/unit/pipeline/test_plan_skeleton.py::test_skeleton_returns_empty_on_missing_volume_map
tests/unit/gates/g4/test_chapter_revision.py::test_result_is_json_string_compatible_with_composite_checker
tests/unit/gates/g4/test_chapter_revision.py::test_valid_spot_fix_revision_passes
tests/unit/gates/g4/test_chapter_revision.py::test_valid_no_op_revision_passes
tests/unit/gates/g4/test_chapter_revision.py::test_empty_adjustments_without_skip_documentation_fails
tests/unit/gates/g4/test_chapter_revision.py::test_invalid_json_fails
tests/unit/gates/g4/test_chapter_revision.py::test_adjustment_with_thin_rationale_fails
tests/pipeline/test_dispatch_helper_finish_reason.py::test_finish_reason_stop_captured
tests/pipeline/test_dispatch_helper_finish_reason.py::test_finish_reason_content_filter_captured
tests/pipeline/test_dispatch_helper_finish_reason.py::test_finish_reason_length_captured
tests/pipeline/test_dispatch_helper_finish_reason.py::test_finish_reason_none_when_no_choices
tests/unit/records/test_drift.py::test_no_drift_on_consistent_fixture
tests/unit/records/test_drift.py::test_parse_markdown_table_three_rows
tests/unit/records/test_drift.py::test_drift_detected_when_table_id_missing_in_yaml
tests/unit/records/test_drift.py::test_no_false_drift_on_float_formatting
tests/unit/records/test_drift.py::test_drift_detected_when_table_value_mismatches_yaml
tests/unit/records/test_drift.py::test_no_drift_when_no_active_table
tests/unit/contracts/test_registry.py::test_load_unknown_returns_none
tests/unit/contracts/test_registry.py::test_registry_includes_all_functional_skills
tests/unit/contracts/test_registry.py::test_registry_includes_migrated
tests/unit/contracts/test_registry.py::test_load_migrated_returns_model
tests/unit/contracts/test_registry.py::test_bootstrap_returns_vocab
tests/unit/gates/g4/test_foreshadowing_plant_regression.py::test_hooks_section_with_scalar_yaml_instead_of_list_does_not_crash
tests/unit/gates/g4/test_foreshadowing_plant_regression.py::test_hooks_section_with_dict_yaml_instead_of_list_does_not_crash
tests/property/cjk/test_punct_properties.py::test_all_counts_non_negative
tests/property/cjk/test_punct_properties.py::test_dash_counted_once_not_per_char
tests/property/cjk/test_punct_properties.py::test_each_punct_count_matches_text_count
tests/unit/pipeline/test_hook_planting.py::TestPlantHooksFromPlan::test_plants_and_appends_to_pending_hooks
tests/unit/pipeline/test_hook_planting.py::TestPlantHooksFromPlan::test_creates_pending_hooks_if_missing
tests/unit/pipeline/test_hook_planting.py::TestPlantHooksFromPlan::test_appends_to_existing_hooks
tests/unit/pipeline/test_hook_planting.py::TestPlantHooksFromPlan::test_skips_duplicate_hook_ids
tests/unit/pipeline/test_hook_planting.py::TestPlantHooksFromPlan::test_returns_zero_when_plan_missing
tests/unit/pipeline/test_hook_planting.py::TestPlantHooksFromPlan::test_returns_zero_when_no_plant_entries
tests/unit/pipeline/test_hook_planting.py::TestHookEntryParsing::test_parses_partial_columns
tests/unit/pipeline/test_hook_planting.py::TestHookEntryParsing::test_skips_non_plant_entries
tests/unit/pipeline/test_hook_planting.py::TestHookEntryParsing::test_skips_header_row
tests/unit/pipeline/test_hook_planting.py::TestHookEntryParsing::test_skips_empty_lines
tests/unit/pipeline/test_hook_planting.py::TestHookEntryParsing::test_parses_table_format
tests/unit/pipeline/test_hook_planting.py::TestHookEntryParsing::test_treats_open_as_plant
tests/unit/pipeline/test_hook_planting.py::TestSection7Extraction::test_extracts_to_end_when_no_section_8
tests/unit/pipeline/test_hook_planting.py::TestSection7Extraction::test_returns_empty_when_section_7_missing
tests/unit/pipeline/test_hook_planting.py::TestSection7Extraction::test_extracts_section_7_from_plan
tests/unit/trace/test_compaction.py::test_compact_keeps_only_compaction_event
tests/unit/trace/test_compaction.py::test_verify_chain_detects_gap
tests/unit/trace/test_compaction.py::test_verify_chain_first_legacy_anchor_ok
tests/unit/pipeline/test_genesis_to_loop.py::TestGenesisCompletesAndCheckpoints::test_genesis_runs_17_steps_and_fires_checkpoint
tests/unit/pipeline/test_genesis_to_loop.py::TestGenesisCompletesAndCheckpoints::test_skills_done_records_all_genesis_skills_in_order
tests/unit/pipeline/test_genesis_to_loop.py::TestGenesisCompletesAndCheckpoints::test_next_blocked_while_genesis_checkpoint_pending
tests/unit/pipeline/test_genesis_to_loop.py::TestGenesisCompletesAndCheckpoints::test_genesis_marks_checkpoint_pending_state
tests/unit/pipeline/test_genesis_to_loop.py::TestGenesisCompletesAndCheckpoints::test_optional_step_runs_on_success
tests/unit/pipeline/test_genesis_to_loop.py::TestGenesisToChapterLoopTransition::test_approve_transitions_to_chapter_loop
tests/unit/pipeline/test_genesis_to_loop.py::TestGenesisToChapterLoopTransition::test_checkpoint_history_records_genesis_approval
tests/unit/pipeline/test_genesis_to_loop.py::TestGenesisToChapterLoopTransition::test_resume_advances_chapter_loop_to_chapter_memo
tests/unit/gates/test_g2.py::TestG2FileInputs::test_emits_valid_json
tests/unit/gates/test_g2.py::TestG2FileInputs::test_handles_missing_files
tests/unit/gates/test_g2.py::TestG2FileInputs::test_handles_none_file_paths
tests/unit/gates/test_g2.py::TestG2FileInputs::test_accepts_list_file_paths
tests/unit/gates/test_g2.py::TestG2FileInputs::test_supports_chapter_file_type
tests/unit/gates/test_g2.py::TestG2FileInputs::test_accepts_string_file_paths
tests/unit/gates/test_g2.py::TestG2FileInputs::test_supports_report_file_type
tests/unit/gates/test_g2.py::TestG2ErrorPaths::test_g23_passes_on_valid_utf8_file
tests/unit/gates/test_g2.py::TestG2ErrorPaths::test_comma_separated_string_input_is_split
tests/unit/gates/test_g2.py::TestG2ErrorPaths::test_g21_fails_when_file_not_found
tests/unit/gates/test_g2.py::TestG2ErrorPaths::test_g24_fails_on_corrupt_json
tests/unit/gates/test_g2.py::TestG2ErrorPaths::test_g25_fails_when_structured_data_lacks_frontmatter
tests/unit/gates/test_g2.py::TestG2ErrorPaths::test_g22_fails_when_file_empty
tests/unit/gates/test_g2.py::TestG2WordCountChecks::test_g27_fails_when_word_count_exceeds_ceiling
tests/unit/gates/test_g2.py::TestG2WordCountChecks::test_g27_passes_when_word_count_within_ceiling
tests/unit/gates/test_g2.py::TestG2WordCountChecks::test_g26_fails_when_word_count_below_floor
tests/unit/gates/test_g2.py::TestG2YamlFrontmatter::test_g25_skips_yaml_error_on_non_structured_file
tests/unit/gates/test_g2.py::TestG2YamlFrontmatter::test_g24_passes_on_valid_json
tests/unit/gates/test_g2.py::TestG2TruthFileDiff::test_g211_fails_when_truth_file_has_removals
tests/unit/gates/test_g2.py::TestG2TruthFileDiff::test_g211_passes_when_bak_unchanged
tests/unit/gates/test_g2.py::TestG2TemplatePlaceholder::test_g210_passes_when_placeholder_below_threshold
tests/unit/gates/test_g2.py::TestG2TemplatePlaceholder::test_g210_fails_when_placeholder_above_threshold
tests/unit/gates/test_g2.py::test_g211_truth_file_unchanged_passes
tests/unit/gates/test_g2.py::test_is_important_chapter_via_volume_map_annotation
tests/unit/gates/test_g2.py::test_g23_fails_on_non_utf8_file
tests/unit/gates/test_g2.py::test_g25_fails_when_structured_file_lacks_frontmatter
tests/unit/gates/test_g2.py::test_g211_truth_file_with_removed_lines_fails
tests/unit/gates/test_g2.py::test_is_important_chapter_via_plan_marker
tests/unit/gates/test_g2.py::test_meta_ratio_warns_when_over_50_percent
tests/unit/gates/test_g2.py::test_meta_ratio_calculates_correctly
tests/unit/gates/test_g2.py::test_meta_ratio_skips_file_with_no_meta_blocks
tests/unit/gates/test_g2.py::test_meta_ratio_returns_pass_when_under_50_percent
tests/unit/gates/test_g2.py::TestG2CheckBlocks::test_g29_fails_when_post_write_check_missing
tests/unit/gates/test_g2.py::TestG2CheckBlocks::test_g28_passes_when_pre_write_check_present
tests/unit/gates/test_g2.py::TestG2CheckBlocks::test_g28_fails_when_pre_write_check_missing
tests/unit/gates/test_g2.py::TestG2DecisionsBranch::test_decisions_branch_skips_markdown_files
tests/unit/gates/test_g2.py::TestG2DecisionsBranch::test_invalid_json_fails_g2_dec_1
tests/unit/gates/test_g2.py::TestG2DecisionsBranch::test_g2_dec4_passes_single_json
tests/unit/gates/test_g2.py::TestG2DecisionsBranch::test_wrong_schema_version_fails_g2_dec_2
tests/unit/gates/test_g2.py::TestG2DecisionsBranch::test_decisions_does_not_trigger_word_count
tests/unit/gates/test_g2.py::TestG2DecisionsBranch::test_missing_required_keys_fails_g2_dec_3
tests/unit/gates/test_g2.py::TestG2DecisionsBranch::test_valid_decisions_json_passes
tests/unit/gates/test_g2.py::TestG2DecisionsBranch::test_g2_dec4_detects_concatenated_json
tests/unit/gates/test_g2.py::TestG2FileCompleteness::test_g212_warns_when_file_truncated
tests/unit/gates/test_g2.py::TestG2FileCompleteness::test_g212_passes_when_file_ends_with_punctuation
tests/unit/gates/test_g2.py::TestG2FileCompleteness::test_g212_passes_when_ends_with_heading
tests/unit/contracts/schemas/test_registry.py::TestRegistryValidation::test_unsupported_version_rejected
tests/unit/contracts/schemas/test_registry.py::TestRegistryValidation::test_minimal_valid
tests/unit/contracts/schemas/test_registry.py::TestRegistryValidation::test_extra_top_level_rejected
tests/unit/contracts/schemas/test_registry.py::TestRegistryValidation::test_empty_concepts_rejected
tests/unit/contracts/schemas/test_registry.py::TestRealYamlLoads::test_real_yaml_default_version
tests/unit/contracts/schemas/test_registry.py::TestRealYamlLoads::test_real_yaml_has_patterns_and_globs
tests/unit/contracts/schemas/test_registry.py::TestRealYamlLoads::test_loads_real_truth_files_yaml
tests/unit/contracts/schemas/test_registry.py::test_registry_kind_is_literal_alias
tests/unit/contracts/schemas/test_registry.py::TestPatternGlob::test_pattern_extra_rejected
tests/unit/contracts/schemas/test_registry.py::TestPatternGlob::test_glob_extra_rejected
tests/unit/contracts/schemas/test_registry.py::TestConceptDefaults::test_kind_literal_all_16
tests/unit/contracts/schemas/test_registry.py::TestConceptDefaults::test_producer_default_skill
tests/unit/contracts/schemas/test_registry.py::TestConceptDefaults::test_producer_override
tests/unit/contracts/schemas/test_registry.py::TestConceptDefaults::test_kind_invalid_rejected
tests/unit/contracts/schemas/test_registry.py::TestConceptDefaults::test_extra_field_rejected
tests/unit/gates/g4/test_context_composing.py::test_fails_when_p1p2_empty
tests/unit/gates/g4/test_context_composing.py::test_passes_with_non_empty_p1p2
tests/unit/gates/g4/test_context_composing.py::test_fails_when_section_titles_missing
tests/unit/gates/g4/test_context_composing.py::test_passes_with_all_layer_sections
tests/unit/gates/g4/test_context_composing.py::test_skips_on_empty_fps
tests/unit/gates/g4/test_context_composing.py::test_fails_when_file_not_found
tests/unit/gates/g4/test_context_composing.py::test_rejects_obsolete_flat_titles
tests/unit/pipeline/test_soft_fail_escalation.py::TestCheckSoftFailEscalation::test_passes_recent_resonance_scores
tests/unit/pipeline/test_soft_fail_escalation.py::TestCheckSoftFailEscalation::test_over_threshold_dispatches_when_signals_fire
tests/unit/pipeline/test_soft_fail_escalation.py::TestCheckSoftFailEscalation::test_below_threshold_does_not_dispatch
tests/unit/pipeline/test_soft_fail_escalation.py::TestCheckSoftFailEscalation::test_over_threshold_no_dispatch_when_no_signals
tests/unit/pipeline/test_retry_budget.py::TestStateRoundTrip::test_retry_budget_consumed_loads_with_default
tests/unit/pipeline/test_retry_budget.py::TestStateRoundTrip::test_retry_budget_consumed_serializes
tests/unit/pipeline/test_retry_budget.py::TestDurableCounter::test_reset_retries_clears_retry_counts_not_budget
tests/unit/pipeline/test_retry_budget.py::TestDurableCounter::test_handle_failure_increments_durable_budget
tests/unit/pipeline/test_retry_budget.py::TestBudgetEnforcement::test_exceeding_max_audit_retries_raises
tests/unit/skill_utils/test_routing.py::test_cap_boundary_is_two
tests/unit/skill_utils/test_routing.py::test_second_auto_revise_still_allowed
tests/unit/skill_utils/test_routing.py::test_borderline_above_threshold_but_near_still_human
tests/unit/skill_utils/test_routing.py::test_revision_loop_is_frozen
tests/unit/skill_utils/test_routing.py::test_clear_fail_auto_revise
tests/unit/skill_utils/test_routing.py::test_clear_pass_when_above_threshold
tests/unit/skill_utils/test_routing.py::test_routing_values_are_strenum_strings
tests/unit/skill_utils/test_routing.py::test_third_clear_fail_escalates_to_human
tests/unit/skill_utils/test_routing.py::test_floor_violation_routes_to_next_path_even_when_overall_passes
tests/unit/skill_utils/test_routing.py::test_low_confidence_goes_to_human
tests/unit/skill_utils/test_routing.py::test_floor_exactly_at_threshold_passes
tests/unit/skill_utils/test_routing.py::test_main_cli_outputs_json
tests/unit/skill_utils/test_routing.py::test_borderline_upper_edge_is_five_below
tests/unit/skill_utils/test_routing.py::test_borderline_goes_to_human
tests/unit/skill_utils/test_routing.py::test_low_confidence_escalates_to_human_even_under_cap
tests/unit/gates/g4/test_foreshadowing_plant.py::test_fails_when_ops_count_exceeds_eight
tests/unit/gates/g4/test_foreshadowing_plant.py::test_fails_when_hook_missing_required_field
tests/unit/gates/g4/test_foreshadowing_plant.py::test_fails_when_no_hooks_section_present
tests/unit/gates/g4/test_foreshadowing_plant.py::test_fails_when_hook_depends_on_is_null
tests/unit/gates/g4/test_foreshadowing_plant.py::test_fails_when_smokescreen_hook_lacks_exit_note
tests/unit/contracts/schemas/test_novel_scores_state.py::test_summary_defaults
tests/unit/contracts/schemas/test_novel_scores_state.py::test_adapter_maps_to_gate_failures
tests/unit/contracts/schemas/test_novel_scores_state.py::test_progress_defaults
tests/unit/contracts/schemas/test_novel_scores_state.py::test_novel_forbid
tests/unit/contracts/schemas/test_novel_scores_state.py::test_progress_ignore_allows_extra
tests/unit/contracts/schemas/test_novel_scores_state.py::test_score_dimension_requires_score
tests/unit/contracts/schemas/test_novel_scores_state.py::test_score_report_shape
tests/unit/contracts/schemas/test_novel_scores_state.py::test_novel_target_word_count_field
tests/unit/contracts/schemas/test_novel_scores_state.py::test_score_provenance_defaults
tests/unit/contracts/schemas/test_novel_scores_state.py::test_novel_defaults_load_empty
tests/unit/contracts/schemas/test_novel_scores_state.py::test_summary_ignore_allows_extra
tests/unit/contracts/schemas/test_novel_scores_state.py::test_d26_novel_config_loads_producer_shape
tests/unit/contracts/schemas/test_novel_scores_state.py::test_score_report_forbids_extra
tests/unit/contracts/schemas/test_novel_scores_state.py::test_d26_g6_reads_target_word_count
tests/unit/pipeline/test_context_audit.py::test_audit_context_coverage_all_present
tests/unit/pipeline/test_context_audit.py::test_audit_context_coverage_empty_context_dir
tests/unit/pipeline/test_context_audit.py::test_audit_context_coverage_finds_gaps
tests/unit/gates/test_g_transition.py::test_g_transition_fails_on_malformed_json_progress
tests/unit/gates/test_g_transition.py::test_g_transition_blocks_on_gate_blockers
tests/unit/gates/test_g_transition.py::test_g_transition_returns_gate_field
tests/unit/gates/test_g_transition.py::test_g_transition_unknown_from_phase_passes_when_queue_absent
tests/unit/gates/test_g_transition.py::test_g_transition_unknown_from_phase_fails_when_queue_named
tests/unit/gates/test_g_transition.py::test_g_transition_passes_when_remaining_queue_empty
tests/unit/gates/test_g_transition.py::test_g_transition_fails_when_remaining_queue_not_empty
tests/unit/gates/test_g_transition.py::test_g_transition_fails_when_progress_missing
tests/unit/gates/test_g6.py::TestG6PipelineCheck::test_handles_none_arguments
tests/unit/gates/test_g6.py::TestG6PipelineCheck::test_emits_valid_json_for_valid_args
tests/unit/gates/test_g6.py::TestG6PipelineCheck::test_g67_density_is_none_when_no_chapters
tests/unit/gates/test_g6.py::TestG6PipelineCheck::test_g67_does_not_nameerror_when_chapters_dir_missing_but_hooks_present
tests/unit/gates/test_g6.py::TestG6PipelineCheck::test_handles_missing_round_dir
tests/unit/gates/test_g6.py::TestG6PipelineCheck::test_handles_unknown_pipeline
tests/unit/gates/test_g6.py::test_g6_volume_boundary_passes_with_chapters
tests/unit/gates/test_g6.py::test_g6_volume_map_no_ranges_skips
tests/unit/gates/test_g6.py::test_g612_detects_sensitive_word_embedded_in_cjk
tests/unit/gates/test_g6.py::test_g69_world_rule_pass_with_constraints_extracted
tests/unit/gates/test_g6.py::test_g6_g66_passes_when_no_ghosts
tests/unit/gates/test_g6.py::test_g6_returns_fail_not_crash_when_deps_json_malformed
tests/unit/gates/test_g6.py::test_g69_world_rule_limit_exceeded
tests/unit/gates/test_g6.py::test_g610_not_skipped_when_style_profile_exists
tests/unit/gates/test_g6.py::test_g68_ghost_voice_detected
tests/unit/gates/test_g6.py::test_g68_catchphrase_not_found_warns
tests/unit/gates/test_g6.py::test_g611_passes_with_volume_map_and_no_chapters
tests/unit/gates/test_g6.py::test_g611_missing_ending_hook_on_non_final_volume
tests/unit/gates/test_g6.py::test_g612_dedupes_repeated_sensitive_word_per_chapter
tests/unit/gates/test_g6.py::test_g68_voice_profile_pass_when_catchphrase_present
tests/unit/gates/test_g6.py::test_g6_g61_passes_with_sufficient_chapters
tests/unit/gates/test_g6.py::TestG6ErrorPaths::test_g6_high_hook_density_warns
tests/unit/gates/test_g6.py::TestG6ErrorPaths::test_g6_sensitive_words_detected
tests/unit/gates/test_g6.py::TestG6ErrorPaths::test_g6_hook_max_distance_exceeded_warns
tests/unit/gates/test_g6.py::TestG6ErrorPaths::test_g6_volume_mismatch_fails
tests/unit/gates/test_g6.py::TestG6ErrorPaths::test_g6_ghost_character_detected
tests/unit/gates/test_g6.py::TestG6ErrorPaths::test_g6_empty_chapters_yield_skip_for_continuity_and_pacing
tests/unit/gates/test_g6.py::TestG6ErrorPaths::test_g6_low_hook_density_warns
tests/unit/gates/test_g6.py::TestG6ErrorPaths::test_g6_below_min_chapter_count_fails
tests/unit/gates/test_g6.py::TestG6ErrorPaths::test_g6_numbering_gap_warns
tests/unit/gates/test_g6.py::TestG6ErrorPaths::test_g6_no_chapters_dir_fails
tests/unit/gates/test_g6.py::TestG6ErrorPaths::test_g6_g4_failure_on_short_chapter
tests/unit/gates/test_g6.py::TestG6ErrorPaths::test_g6_unresolved_hooks_reported_in_check
tests/unit/skill_utils/test_compute_stats.py::test_compute_connectives_finds_known_words
tests/unit/skill_utils/test_compute_stats.py::test_compute_connectives_nests_counts_under_category
tests/unit/skill_utils/test_compute_stats.py::test_count_ai_markers_returns_dict_of_matches
tests/unit/skill_utils/test_compute_stats.py::test_segment_sentences_whitespace_only_returns_empty
tests/unit/skill_utils/test_compute_stats.py::test_compute_sentence_stats_empty_returns_empty_dict
tests/unit/skill_utils/test_compute_stats.py::test_compute_connectives_returns_empty_dict_for_blank_text
tests/unit/skill_utils/test_compute_stats.py::test_count_transition_words_returns_density
tests/unit/skill_utils/test_compute_stats.py::test_compute_sentence_stats_empty_returns_zeros
tests/unit/skill_utils/test_compute_stats.py::test_compute_ttr_punctuation_only_returns_zeros
tests/unit/skill_utils/test_compute_stats.py::test_segment_sentences_returns_text_and_count_tuples
tests/unit/skill_utils/test_compute_stats.py::test_detect_rhetoric_returns_int_counts
tests/unit/skill_utils/test_compute_stats.py::test_compute_punctuation_empty_returns_empty
tests/unit/skill_utils/test_compute_stats.py::test_segment_paragraphs_with_trailing_newline
tests/unit/skill_utils/test_compute_stats.py::test_segment_sentences_emits_trailing_sentence_without_terminator
tests/unit/skill_utils/test_compute_stats.py::test_read_chapters_nonexistent_path_returns_empty
tests/unit/skill_utils/test_compute_stats.py::test_segment_sentences_empty_returns_empty
tests/unit/skill_utils/test_compute_stats.py::test_compute_paragraph_stats_returns_count_and_averages
tests/unit/skill_utils/test_compute_stats.py::test_compute_punctuation_returns_density_per_1000
tests/unit/skill_utils/test_compute_stats.py::test_main_outputs_json_to_stdout
tests/unit/skill_utils/test_compute_stats.py::test_compute_ttr_returns_global_ttr_between_0_and_1
tests/unit/skill_utils/test_compute_stats.py::test_compute_sentence_stats_returns_count_mean_median
tests/unit/skill_utils/test_compute_stats.py::test_segment_paragraphs_returns_dict_with_chars_and_sentences
tests/unit/skill_utils/test_compute_stats.py::test_read_chapters_handles_directory_and_file
tests/unit/skill_utils/test_compute_stats.py::test_detect_rhetoric_counts_repetition
tests/unit/skill_utils/test_compute_stats.py::test_main_exits_when_no_readable_files
tests/unit/skill_utils/test_compute_stats.py::test_main_requires_arguments
tests/unit/skill_utils/test_compute_stats.py::test_main_writes_to_output_file
tests/unit/skill_utils/test_compute_stats.py::test_read_chapters_from_file_path
tests/unit/skill_utils/test_compute_stats.py::test_compute_percentiles_empty_returns_zeros
tests/unit/skill_utils/test_compute_stats.py::test_read_chapters_mixed_files_and_dirs
tests/unit/skill_utils/test_compute_stats.py::test_compute_ttr_empty_returns_zeros
tests/unit/skill_utils/test_compute_stats.py::test_compute_ttr_sliding_window_for_long_text
tests/unit/skill_utils/test_compute_stats.py::test_read_chapters_from_directory_returns_md_files
tests/unit/skill_utils/test_compute_stats.py::test_compute_ngrams_text_shorter_than_n_returns_empty
tests/unit/skill_utils/test_compute_stats.py::test_segment_sentences_splits_on_terminal_punctuation
tests/unit/skill_utils/test_compute_stats.py::test_compute_percentiles_single_value_returns_same
tests/unit/skill_utils/test_compute_stats.py::test_compute_ngrams_returns_sorted_tuples
tests/unit/skill_utils/test_compute_stats.py::test_segment_paragraphs_splits_on_double_newline
tests/unit/skill_utils/test_compute_stats.py::test_compute_sentence_stats_populates_all_histogram_bins
tests/unit/skill_utils/test_compute_stats.py::test_compute_all_stats_returns_all_categories
tests/property/gates/test_gate_invariants.py::test_word_count_md_always_non_negative
tests/property/gates/test_gate_invariants.py::test_jload_round_trips_dict
tests/property/gates/test_gate_invariants.py::test_normalize_file_paths_returns_list
tests/property/gates/test_gate_invariants.py::test_gate_g0_returns_valid_json_for_empty_seed
tests/property/gates/test_gate_invariants.py::test_count_transition_words_returns_non_negative
tests/unit/gates/g4/test_style_polishing.py::test_skips_on_empty_fps
tests/unit/gates/g4/test_style_polishing.py::test_passes_when_word_ratio_in_range
tests/unit/gates/g4/test_style_polishing.py::test_fails_when_file_not_found
tests/unit/gates/g4/test_style_polishing.py::test_fails_when_no_report_block
tests/unit/gates/g4/test_style_polishing.py::test_fails_when_word_ratio_out_of_range
tests/unit/gates/g4/test_style_polishing.py::test_passes_with_report_block
tests/integration/test_docs_accuracy.py::test_chapter_file_format_states_meta_not_prose
tests/integration/test_docs_accuracy.py::test_doc_references_existing_files[goal-prompt.md]
tests/integration/test_docs_accuracy.py::test_doc_references_existing_files[SECURITY.md]
tests/integration/test_docs_accuracy.py::test_doc_references_existing_files[CHANGELOG.md]
tests/integration/test_docs_accuracy.py::test_doc_references_existing_files[AGENTS.md]
tests/integration/test_docs_accuracy.py::test_doc_references_existing_files[README.md]
tests/integration/test_docs_accuracy.py::test_chapter_file_format_doc_exists
tests/integration/test_docs_accuracy.py::test_chapter_file_format_documents_stripping_method
tests/integration/test_docs_accuracy.py::test_chapter_file_format_documents_meta_blocks
tests/integration/test_docs_accuracy.py::test_doc_references_existing_files[CONTRIBUTING.md]
tests/integration/test_docs_accuracy.py::test_doc_references_existing_files[command-to-give.md]
tests/integration/test_docs_accuracy.py::test_doc_references_existing_files[docs/index.md]
tests/unit/tools/test_lint_contract_graph.py::test_clean_repo_has_zero_orphan_reads
tests/unit/tools/test_lint_contract_graph.py::test_detects_injected_orphan
tests/unit/gates/g4/test_pacing_design.py::test_fails_without_three_lines
tests/unit/gates/g4/test_pacing_design.py::test_fails_when_beat_sum_wrong
tests/unit/gates/g4/test_pacing_design.py::test_fails_when_beats_missing
tests/unit/gates/g4/test_pacing_design.py::test_passes_with_complete_rhythm
tests/unit/gates/g4/test_pacing_design.py::test_fails_when_rhythm_missing
tests/property/gates/test_g34_independence_properties.py::test_different_agents_pass_only_when_distinct
tests/property/gates/test_g34_independence_properties.py::test_scorer_present_no_gen_trace_passes
tests/property/gates/test_g34_independence_properties.py::test_empty_progress_fails_closed
tests/property/gates/test_g34_independence_properties.py::test_no_scorer_recorded_fails_closed
tests/property/gates/test_g34_independence_properties.py::test_same_agent_fails
tests/unit/pipeline/test_chapter_loop_full.py::TestAuditCircleAndRevisionRouting::test_revision_routing_runs_after_resonance
tests/unit/pipeline/test_chapter_loop_full.py::TestAuditCircleAndRevisionRouting::test_audit_g4_paths_use_audits_dir
tests/unit/pipeline/test_chapter_loop_full.py::TestAuditCircleAndRevisionRouting::test_all_seven_core_audits_recorded
tests/unit/pipeline/test_chapter_loop_full.py::TestAuditCircleAndRevisionRouting::test_revision_dispatched_when_issues_found
tests/unit/pipeline/test_chapter_loop_full.py::TestAuditCircleAndRevisionRouting::test_revision_skipped_when_no_issues
tests/unit/pipeline/test_chapter_loop_full.py::TestContextAssemblyIntegration::test_assemble_context_called_with_chapter_plan
tests/unit/pipeline/test_chapter_loop_full.py::TestContextAssemblyIntegration::test_write_context_file_called_once
tests/unit/pipeline/test_chapter_loop_full.py::TestContextAssemblyIntegration::test_context_assembly_before_drafting
tests/unit/pipeline/test_chapter_loop_full.py::TestStagingAndCheckpointArtifacts::test_staging_prompt_includes_staging_dir
tests/unit/pipeline/test_chapter_loop_full.py::TestStagingAndCheckpointArtifacts::test_chapter_planning_checkpoint_artifact
tests/unit/pipeline/test_chapter_loop_full.py::TestStagingAndCheckpointArtifacts::test_state_settling_checkpoint_artifact
tests/unit/pipeline/test_chapter_loop_full.py::TestStagingAndCheckpointArtifacts::test_chapter_planning_g4_validates_staging_path
tests/unit/pipeline/test_chapter_loop_full.py::TestFullChapterSequence::test_settle_checkpoint_raised_at_step_7
tests/unit/pipeline/test_chapter_loop_full.py::TestFullChapterSequence::test_all_steps_recorded_in_steps_done
tests/unit/pipeline/test_chapter_loop_full.py::TestFullChapterSequence::test_plan_checkpoint_raised_at_step_2
tests/unit/pipeline/test_chapter_loop_full.py::TestFullChapterSequence::test_full_chapter_completes_with_per_chapter_checkpoint
tests/unit/pipeline/test_chapter_loop_full.py::TestCLIChapterLoop::test_next_stops_at_chapter_memo
tests/unit/pipeline/test_chapter_loop_full.py::TestCLIChapterLoop::test_review_reject_clears_staging
tests/unit/pipeline/test_chapter_loop_full.py::TestCLIChapterLoop::test_review_approve_commits_staging
tests/unit/pipeline/test_chapter_loop_full.py::TestCLIChapterLoop::test_next_blocked_while_checkpoint_pending
tests/pipeline/test_parallel_steps.py::TestParallelPostDraft::test_both_steps_executed_concurrently
tests/pipeline/test_parallel_steps.py::TestParallelPostDraft::test_state_settling_failure_handled
tests/pipeline/test_parallel_steps.py::TestParallelPostDraft::test_lifecycle_failure_isolated_from_settling
tests/pipeline/test_parallel_steps.py::TestParallelPostDraft::test_state_merged_on_main_thread_single_writer
tests/gates/test_gate_manifest.py::test_manifest_structure_is_hierarchical
tests/gates/test_gate_manifest.py::test_concurrent_manifest_writes_do_not_lose_results
tests/gates/test_gate_manifest.py::test_get_gate_result_missing_returns_none
tests/unit/config/test_thresholds.py::TestAuditSafetyMatrix::test_non_critical_dimensions_allow_disable[pacing]
tests/unit/config/test_thresholds.py::TestAuditSafetyMatrix::test_all_matrix_entries_have_required_keys
tests/unit/config/test_thresholds.py::TestAuditSafetyMatrix::test_critical_dimensions_declare_detection_target[antiAi]
tests/unit/config/test_thresholds.py::TestAuditSafetyMatrix::test_critical_dimensions_declare_detection_target[texture]
tests/unit/config/test_thresholds.py::TestAuditSafetyMatrix::test_texture_is_critical
tests/unit/config/test_thresholds.py::TestAuditSafetyMatrix::test_continuity_is_critical
tests/unit/config/test_thresholds.py::TestAuditSafetyMatrix::test_non_critical_dimensions_allow_disable[dialogue]
tests/unit/config/test_thresholds.py::TestAuditSafetyMatrix::test_critical_dimensions_declare_detection_target[continuity]
tests/unit/config/test_thresholds.py::TestAuditSafetyMatrix::test_antiAi_is_critical
tests/unit/config/test_thresholds.py::TestAuditSafetyMatrix::test_non_critical_dimensions_allow_disable[character]
tests/unit/config/test_thresholds.py::TestAuditSafetyMatrix::test_matrix_contains_all_six_dimensions
tests/unit/config/test_thresholds.py::TestAuditSafetyMatrix::test_dialogue_is_not_critical
tests/unit/config/test_thresholds.py::TestQualityThresholds::test_default_resonance_floor_is_65
tests/unit/config/test_thresholds.py::TestQualityThresholds::test_custom_thresholds_override_all_fields_independently
tests/unit/config/test_thresholds.py::TestQualityThresholds::test_can_construct_custom_thresholds
tests/unit/config/test_thresholds.py::TestQualityThresholds::test_quality_thresholds_is_frozen
tests/unit/config/test_thresholds.py::TestQualityThresholds::test_all_default_field_values_match_spec
tests/unit/config/test_thresholds.py::TestQualityThresholds::test_density_warn_is_below_density_hard
tests/unit/config/test_thresholds.py::TestQualityThresholds::test_revision_trigger_below_global_floor
tests/unit/config/test_thresholds.py::TestIsCriticalAuditDimension::test_known_non_critical_returns_false[character]
tests/unit/config/test_thresholds.py::TestIsCriticalAuditDimension::test_empty_string_returns_false
tests/unit/config/test_thresholds.py::TestIsCriticalAuditDimension::test_known_non_critical_returns_false[pacing]
tests/unit/config/test_thresholds.py::TestIsCriticalAuditDimension::test_known_non_critical_returns_false[dialogue]
tests/unit/config/test_thresholds.py::TestIsCriticalAuditDimension::test_unknown_dimension_returns_false
tests/unit/config/test_thresholds.py::TestIsCriticalAuditDimension::test_known_critical_returns_true[texture]
tests/unit/config/test_thresholds.py::TestIsCriticalAuditDimension::test_known_critical_returns_true[continuity]
tests/unit/config/test_thresholds.py::TestIsCriticalAuditDimension::test_known_critical_returns_true[antiAi]
tests/unit/contracts/schemas/test_decisions.py::TestAdjustment::test_rationale_required
tests/unit/contracts/schemas/test_decisions.py::TestAdjustment::test_severity_medium_allowed
tests/unit/contracts/schemas/test_decisions.py::TestSelectionP25::test_high_requires_rationale
tests/unit/contracts/schemas/test_decisions.py::TestSelectionP25::test_routine_low_forbids_rationale
tests/unit/contracts/schemas/test_decisions.py::TestSelectionP25::test_manual_override_requires_rationale
tests/unit/contracts/schemas/test_decisions.py::TestDecisionsDoc::test_minimal_valid
tests/unit/contracts/schemas/test_decisions.py::TestDecisionsDoc::test_extra_rejected
tests/unit/contracts/schemas/test_decisions.py::TestDecisionsDoc::test_wrong_schema_version
tests/unit/gates/g4/test_post_write_integrity.py::TestG4PostWriteIntegrity::test_no_findings_passes
tests/unit/gates/g4/test_post_write_integrity.py::TestG4PostWriteIntegrity::test_fence_imbalance_warns
tests/unit/gates/g4/test_post_write_integrity.py::TestG4PostWriteIntegrity::test_model_leakage_fails
tests/unit/pipeline/test_staging_cleanup.py::test_commit_then_clear_leaves_no_staging
tests/unit/pipeline/test_staging_cleanup.py::test_clear_staging_removes_directory
tests/unit/pipeline/test_staging_cleanup.py::test_clear_staging_handles_missing_directory
tests/unit/pipeline/test_staging_cleanup.py::test_cleanup_removes_residual_staging_on_resume
tests/unit/pipeline/test_staging_cleanup.py::test_cleanup_preserves_staging_when_steps_pending
tests/unit/pipeline/test_staging_cleanup.py::test_clear_staging_handles_nested_directories
tests/unit/pipeline/test_staging_cleanup.py::test_cleanup_handles_no_staging_dir
tests/property/stats/test_percentile_properties.py::test_percentiles_within_range
tests/property/stats/test_percentile_properties.py::test_p50_equals_median_index
tests/property/stats/test_percentile_properties.py::test_percentiles_empty_returns_zeros
tests/property/stats/test_percentile_properties.py::test_p50_equals_sentence_stats_median
tests/unit/gates/g4/test_relationship_map.py::test_fails_when_relationships_missing
tests/unit/gates/g4/test_relationship_map.py::test_fails_when_less_than_3_pairs
tests/unit/gates/g4/test_relationship_map.py::test_fails_when_character_matrix_missing
tests/unit/gates/g4/test_relationship_map.py::test_passes_with_complete_data
tests/unit/test_gates_cli.py::test_g0_dispatch_emits_json
tests/unit/test_gates_cli.py::test_g4_bughunt_dispatch
tests/unit/test_gates_cli.py::test_unknown_gate_returns_1
tests/unit/test_gates_cli.py::test_g5_dispatch
tests/unit/test_gates_cli.py::test_g7_dispatch
tests/unit/test_gates_cli.py::test_g3_dispatch
tests/unit/test_gates_cli.py::test_g4_generative_dispatch_with_shorthand
tests/unit/test_gates_cli.py::test_no_args_prints_usage_and_returns_1
tests/unit/test_gates_cli.py::test_g1_dispatch_invalid_files_json_falls_back_to_empty
tests/unit/test_gates_cli.py::test_g_transition_dispatch
tests/unit/test_gates_cli.py::test_g2_dispatch
tests/unit/test_gates_cli.py::test_g_reconcile_dispatch
tests/unit/test_gates_cli.py::test_g6_dispatch
tests/unit/test_gates_cli.py::test_g_dispatch_cli
tests/unit/test_gates_cli.py::test_g4_clean_dispatch
tests/unit/gates/g4/test_review_arc_payoff.py::test_accepts_each_valid_verdict[\u653e\u884c]
tests/unit/gates/g4/test_review_arc_payoff.py::test_accepts_each_valid_verdict[\u963b\u65ad]
tests/unit/gates/g4/test_review_arc_payoff.py::test_missing_foreshadow_subfloor_fails
tests/unit/gates/g4/test_review_arc_payoff.py::test_missing_dimension_row_fails
tests/unit/gates/g4/test_review_arc_payoff.py::test_missing_file_line_evidence_fails
tests/unit/gates/g4/test_review_arc_payoff.py::test_missing_gate_section_fails
tests/unit/gates/g4/test_review_arc_payoff.py::test_empty_file_list_skips
tests/unit/gates/g4/test_review_arc_payoff.py::test_missing_confidence_column_fails
tests/unit/gates/g4/test_review_arc_payoff.py::test_valid_report_passes
tests/unit/gates/g4/test_review_arc_payoff.py::test_nonexistent_file_fails
tests/unit/gates/g4/test_review_arc_payoff.py::test_invalid_verdict_value_fails
tests/unit/contracts/test_thresholds.py::test_gates_import_thresholds_as_fallback
tests/unit/contracts/test_thresholds.py::test_thresholds_match_spec_values
tests/unit/pipeline/test_drift_intervention.py::test_intervention_triggers_on_degraded_text
tests/pipeline/test_scr_extractor.py::TestExtractEventTimeline::test_extracts_events
tests/pipeline/test_scr_extractor.py::TestComputeParagraphStats::test_counts_paragraphs
tests/pipeline/test_scr_extractor.py::TestExtractProse::test_strips_meta_block
tests/pipeline/test_scr_extractor.py::TestSCRIntegration::test_full_extraction_produces_valid_scr
tests/pipeline/test_scr_extractor.py::TestSCRIntegration::test_scr_cached_to_disk
tests/pipeline/test_scr_extractor.py::TestSCRIntegration::test_cache_hit_avoids_re_extraction
tests/pipeline/test_scr_extractor.py::TestExtractCharacterLocations::test_finds_characters_by_dialogue
tests/pipeline/test_scr_extractor.py::TestExtractCharacterLocations::test_includes_evidence_and_line_range
tests/pipeline/test_scr_extractor.py::TestExtractHookAppearances::test_finds_hook_ids
tests/pipeline/test_scr_extractor.py::TestExtractDialogueSegments::test_extracts_dialogue_text
tests/pipeline/test_scr_extractor.py::TestExtractDialogueSegments::test_extracts_dialogue_with_speaker
tests/pipeline/test_dispatch_helper_autogen_strip.py::test_strip_removes_data_contract_block
tests/pipeline/test_dispatch_helper_autogen_strip.py::test_strip_removes_autocheck_block
tests/pipeline/test_dispatch_helper_autogen_strip.py::test_strip_handles_both_blocks_together
tests/pipeline/test_dispatch_helper_autogen_strip.py::test_strip_preserves_body_with_no_blocks
tests/unit/test_scoring.py::TestFilterDimensionsByTestType::test_no_test_type_returns_all_dimensions
tests/unit/test_scoring.py::TestFilterDimensionsByTestType::test_no_applicability_section_returns_all_dimensions
tests/unit/test_scoring.py::TestFilterDimensionsByTestType::test_extracts_dim_numbers_from_scope_text
tests/unit/test_scoring.py::TestFilterDimensionsByTestType::test_unknown_test_type_falls_back_to_capitalized
tests/unit/test_scoring.py::TestFilterDimensionsByTestType::test_completely_unknown_test_type_returns_all_dimensions
tests/unit/test_scoring.py::TestFilterDimensionsByTestType::test_returns_original_when_filtering_would_empty_everything
tests/unit/test_scoring.py::TestFilterDimensionsByTestType::test_excludes_dimensions_marked_no_for_test_type
tests/unit/test_scoring.py::TestMainMarkerEnforcement::test_marker_missing_exits_with_code_three
tests/unit/test_scoring.py::TestMainInteractiveMode::test_interactive_eof_fills_missing_with_zero
tests/unit/test_scoring.py::TestMainInteractiveMode::test_interactive_kill_switch_prompt_yes_forces_zero
tests/unit/test_scoring.py::TestMainInteractiveMode::test_interactive_re_prompts_on_out_of_range_input
tests/unit/test_scoring.py::TestMainInteractiveMode::test_interactive_re_prompts_on_non_numeric_input
tests/unit/test_scoring.py::TestMainInteractiveMode::test_interactive_collects_per_dimension_scores
tests/unit/test_scoring.py::TestLoadRubric::test_skips_table_rows_with_non_digit_first_cell
tests/unit/test_scoring.py::TestLoadRubric::test_does_not_exit_kill_switch_section_on_h3_subsection
tests/unit/test_scoring.py::TestLoadRubric::test_loads_dimensions_from_markdown_table
tests/unit/test_scoring.py::TestLoadRubric::test_skips_rows_with_non_numeric_weight
tests/unit/test_scoring.py::TestLoadRubric::test_returns_empty_dimensions_when_no_markdown_table
tests/unit/test_scoring.py::TestLoadRubric::test_extracts_kill_switches_matching_trigger_phrases
tests/unit/test_scoring.py::TestLoadRubric::test_strips_trailing_percent_sign_from_weight
tests/unit/test_scoring.py::TestLoadRubric::test_exits_kill_switch_section_on_next_h2
tests/unit/test_scoring.py::TestMainGateOnlyMode::test_gate_only_propagates_nonzero_exit
tests/unit/test_scoring.py::TestMainGateOnlyMode::test_gate_only_emits_subprocess_result
tests/unit/test_scoring.py::TestCheckGateMarkers::test_t3_pipeline_marker_check
tests/unit/test_scoring.py::TestCheckGateMarkers::test_reports_missing_when_t1_skill_marker_absent
tests/unit/test_scoring.py::TestCheckGateMarkers::test_returns_empty_list_when_round_dir_is_none
tests/unit/test_scoring.py::TestCheckGateMarkers::test_t2_phase_branch_uses_real_deps_json
tests/unit/test_scoring.py::TestCheckGateMarkers::test_returns_empty_when_rubric_path_has_no_tier_marker
tests/unit/test_scoring.py::TestCheckGateMarkers::test_returns_empty_when_marker_present_for_t1_skill
tests/unit/test_scoring.py::TestComputeScore::test_logs_warning_when_weights_dont_sum_to_100
tests/unit/test_scoring.py::TestComputeScore::test_kill_switch_overrides_to_zero
tests/unit/test_scoring.py::TestComputeScore::test_rounds_result_to_two_decimal_places
tests/unit/test_scoring.py::TestComputeScore::test_returns_zero_when_weights_sum_to_zero
tests/unit/test_scoring.py::TestComputeScore::test_weighted_average_uses_dimension_weights
tests/unit/test_scoring.py::TestComputeScore::test_missing_dimension_score_counts_as_zero
tests/unit/test_scoring.py::TestValidateScores::test_accepts_float_scores_in_valid_range
tests/unit/test_scoring.py::TestValidateScores::test_rejects_non_numeric_score
tests/unit/test_scoring.py::TestValidateScores::test_rejects_score_above_100
tests/unit/test_scoring.py::TestValidateScores::test_rejects_score_below_zero
tests/unit/test_scoring.py::TestValidateScores::test_rejects_empty_scores
tests/unit/test_scoring.py::TestValidateScores::test_warns_on_extra_dimension_without_rejecting
tests/unit/test_scoring.py::TestValidateScores::test_rejects_missing_dimension_score
tests/unit/test_scoring.py::TestValidateScores::test_accepts_valid_integer_scores
tests/unit/test_scoring.py::TestClassify::test_below_sixty_returns_fail
tests/unit/test_scoring.py::TestClassify::test_sixty_to_seventy_four_returns_conditional
tests/unit/test_scoring.py::TestClassify::test_seventy_five_to_eighty_nine_returns_pass_acceptable
tests/unit/test_scoring.py::TestClassify::test_ninety_and_above_returns_pass_excellent
tests/unit/test_scoring.py::TestLoadApplicability::test_no_cell_marks_scope_not_applicable
tests/unit/test_scoring.py::TestLoadApplicability::test_yes_cell_marks_scope_applicable
tests/unit/test_scoring.py::TestLoadApplicability::test_defaults_missing_cell_value_to_yes
tests/unit/test_scoring.py::TestLoadApplicability::test_parses_applicability_table_columns_as_test_types
tests/unit/test_scoring.py::TestLoadApplicability::test_section_ends_at_next_h2_heading
tests/unit/test_scoring.py::TestLoadApplicability::test_returns_empty_when_section_absent
tests/unit/test_scoring.py::TestScoringGatePath::test_gate_only_uses_cli_module
tests/unit/test_scoring.py::TestScoringGatePath::test_tier_t1_gate_uses_cli_module
tests/unit/test_scoring.py::TestMainFileMode::test_subagent_flag_sets_provenance_scored_by
tests/unit/test_scoring.py::TestMainFileMode::test_emits_result_with_weighted_score
tests/unit/test_scoring.py::TestMainFileMode::test_provenance_records_round_dir_when_provided
tests/unit/test_scoring.py::TestMainFileMode::test_rejects_when_score_out_of_range
tests/unit/test_scoring.py::TestMainFileMode::test_result_dimensions_include_per_dim_score_and_weight
tests/unit/test_scoring.py::TestMainFileMode::test_result_includes_kill_switches_extracted_from_rubric
tests/unit/test_scoring.py::TestMainFileMode::test_usage_error_exits_with_code_one_when_no_args
tests/unit/test_scoring.py::TestMainFileMode::test_rejects_when_required_dimension_score_missing
tests/unit/test_scoring.py::TestMainFileMode::test_classification_driven_by_score_thresholds
tests/unit/test_scoring.py::TestMainFileMode::test_kill_switch_flag_forces_score_to_zero
tests/unit/test_scoring.py::TestMainTestTypeFiltering::test_filters_dimensions_by_test_type_before_scoring
tests/unit/test_scoring.py::TestMainTierGateIntegration::test_t1_gate_fail_blocks_scoring_with_exit_one
tests/unit/test_scoring.py::TestMainTierGateIntegration::test_t1_gate_pass_proceeds_to_scoring
tests/unit/gates/g4/test_worldbuilding_unchanged.py::test_worldbuilding_regex_counts_chinese_ordinals
tests/unit/gates/g4/test_worldbuilding_unchanged.py::test_worldbuilding_uses_max_of_heading_and_numbered
tests/unit/pipeline/test_revision_count.py::test_revision_count_unchanged_on_no_revision
tests/unit/pipeline/test_revision_count.py::test_revision_count_accumulates_across_routes
tests/unit/pipeline/test_revision_count.py::test_revision_count_increments_on_non_noop_route
tests/unit/test_lint_status_strings.py::test_read_comparison_is_not_flagged
tests/unit/test_lint_status_strings.py::test_bare_state_and_classification_keys_are_flagged
tests/unit/test_lint_status_strings.py::test_bare_pass_dict_value_outside_status_py_is_flagged
tests/unit/test_lint_status_strings.py::test_non_status_string_is_not_flagged
tests/unit/test_lint_status_strings.py::test_status_py_is_exempt
tests/unit/test_lint_status_strings.py::test_ternary_status_assign_is_flagged
tests/unit/test_lint_status_strings.py::test_ternary_status_value_is_flagged
tests/unit/test_lint_status_strings.py::test_check_item_s_value_is_not_flagged
tests/unit/pipeline/test_bridge_tracker.py::test_bridge_tracker_template_is_valid_markdown_table
tests/unit/pipeline/test_bridge_tracker.py::test_bridge_tracker_template_has_correct_structure
tests/unit/skill_utils/test_calibration.py::test_high_confidence_downgraded_when_anchor_hitrate_low
tests/unit/skill_utils/test_calibration.py::test_high_confidence_kept_when_hitrate_ok
tests/unit/skill_utils/test_calibration.py::test_low_never_upgraded
tests/unit/skill_utils/test_volume_drift_macro.py::test_arc_payoff_single_volume_no_fire
tests/unit/skill_utils/test_volume_drift_macro.py::test_arc_payoff_two_volume_decline_fires
tests/unit/skill_utils/test_volume_drift_macro.py::test_arc_payoff_ascending_sequence_no_fire
tests/unit/skill_utils/test_volume_drift_macro.py::test_arc_payoff_declining_sequence_fires_macro_trigger
tests/unit/skill_utils/test_volume_drift_macro.py::test_arc_payoff_plateau_after_decline_no_fire
tests/unit/skill_utils/test_volume_drift_macro.py::test_arc_payoff_stable_sequence_no_fire
tests/unit/skill_utils/test_volume_drift_macro.py::test_arc_payoff_empty_no_fire
tests/unit/contract/test_dict_reads.py::test_requires_independent_agent_default_false
tests/unit/contract/test_dict_reads.py::test_dict_form_reads_extract_file_and_keep_fields
tests/unit/contract/test_dict_reads.py::test_requires_independent_agent_reads_top_level_field
tests/unit/pipeline/test_genesis.py::TestRouteBErrorIsolation::test_route_b_failure_does_not_mask_route_a_success
tests/unit/pipeline/test_genesis.py::TestRouteBErrorIsolation::test_update_indexes_writes_index_then_logs_route_b_failure
tests/unit/pipeline/test_genesis.py::TestGenesisSteps::test_story_arch_before_faction
tests/unit/pipeline/test_genesis.py::TestGenesisSteps::test_foreshadowing_plant_genesis_mode
tests/unit/pipeline/test_genesis.py::TestGenesisSteps::test_step_count
tests/unit/pipeline/test_genesis.py::TestGenesisSteps::test_foundation_review_path
tests/unit/pipeline/test_genesis.py::TestGenesisSteps::test_genre_config_not_in_index_set
tests/unit/pipeline/test_genesis.py::TestGenesisSteps::test_foundation_review_last
tests/unit/pipeline/test_genesis.py::TestGenesisSteps::test_anchor_curate_is_optional
tests/unit/pipeline/test_genesis.py::TestGenesisSteps::test_worldbuilding_in_index_set
tests/unit/pipeline/test_genesis.py::TestGenesisSteps::test_character_design_genesis_mode
tests/unit/pipeline/test_genesis.py::TestGenesisSteps::test_step_nums_are_sequential
tests/unit/pipeline/test_genesis.py::TestGenesisSteps::test_foundation_review_not_in_index_set
tests/unit/pipeline/test_genesis.py::TestIndexUpdates::test_update_indexes_noop_for_non_truth_skill
tests/unit/pipeline/test_genesis.py::TestIndexUpdates::test_truth_index_rebuilt_after_worldbuilding
tests/unit/pipeline/test_genesis.py::TestIndexUpdates::test_route_b_unavailable_degrades_gracefully
tests/unit/pipeline/test_genesis.py::TestIndexUpdates::test_genre_config_skips_index_update
tests/unit/pipeline/test_genesis.py::TestIndexUpdates::test_route_b_available_seeds_embeds
tests/unit/pipeline/test_genesis.py::TestIndexUpdates::test_update_indexes_writes_truth_index
tests/unit/pipeline/test_genesis.py::TestIndexUpdates::test_update_indexes_resilient_to_missing_files
tests/unit/pipeline/test_genesis.py::TestRetryAndEscalation::test_escalation_after_max_retries
tests/unit/pipeline/test_genesis.py::TestRetryAndEscalation::test_dispatch_fail_increments_retry_count
tests/unit/pipeline/test_genesis.py::TestRetryAndEscalation::test_g4_fail_increments_retry_count
tests/unit/pipeline/test_genesis.py::TestRetryAndEscalation::test_success_resets_retry_count
tests/unit/pipeline/test_genesis.py::TestGenesisCompletion::test_no_checkpoint_before_last_step
tests/unit/pipeline/test_genesis.py::TestGenesisCompletion::test_sets_genesis_complete_checkpoint
tests/unit/pipeline/test_genesis.py::TestG3Enforcement::test_g3_fail_does_not_advance
tests/unit/pipeline/test_genesis.py::TestG3Enforcement::test_g3_not_called_for_worldbuilding
tests/unit/pipeline/test_genesis.py::TestG3Enforcement::test_g3_called_for_foundation_review
tests/unit/pipeline/test_genesis.py::TestOptionalStepSkip::test_optional_step_skipped_even_after_prior_retries
tests/unit/pipeline/test_genesis.py::TestOptionalStepSkip::test_optional_step_g4_failure_also_skips
tests/unit/pipeline/test_genesis.py::TestOptionalStepSkip::test_optional_step_failure_skips_instead_of_escalating
tests/unit/pipeline/test_genesis.py::TestRunGenesisStep::test_g4_pass_value_is_str_enum
tests/unit/pipeline/test_genesis.py::TestRunGenesisStep::test_skills_done_records_skill
tests/unit/pipeline/test_genesis.py::TestRunGenesisStep::test_g4_fail_does_not_advance
tests/unit/pipeline/test_genesis.py::TestRunGenesisStep::test_all_done_returns_true
tests/unit/pipeline/test_genesis.py::TestRunGenesisStep::test_dispatch_fail_does_not_advance
tests/unit/pipeline/test_genesis.py::TestRunGenesisStep::test_runs_step_g4_and_advances
tests/integration/test_doc_links.py::test_internal_links_resolve[docs/superpowers/audit-runs/2026-08-14/zone-reports/Z5.review3.md]
tests/integration/test_doc_links.py::test_internal_links_resolve[docs/superpowers/audit-runs/2026-08-14/thread-reports/T8.md]
tests/integration/test_doc_links.py::test_internal_links_resolve[docs/superpowers/specs/archive/2026-06-29-pipeline-runner-design-notes.md]
tests/integration/test_doc_links.py::test_internal_links_resolve[docs/superpowers/audit-runs/2026-08-14/zone-reports/Z4.a.md]
tests/integration/test_doc_links.py::test_internal_links_resolve[docs/superpowers/specs/archive/2026-08-02-pr20-torch-bump-disposition-design.md]
tests/integration/test_doc_links.py::test_internal_links_resolve[docs/superpowers/audit-runs/2026-08-14/zone-reports/Z2.review16.md]
tests/integration/test_doc_links.py::test_internal_links_resolve[docs/superpowers/audit-runs/2026-08-14/zone-reports/Z8-b.md]
tests/integration/test_doc_links.py::test_internal_links_resolve[docs/superpowers/specs/archive/2026-06-22-positive-quality-gates-design.md]
tests/integration/test_doc_links.py::test_internal_links_resolve[docs/getting-started/first-novel.md]
tests/integration/test_doc_links.py::test_internal_links_resolve[docs/superpowers/audit-runs/2026-08-14/zone-reports/Z1.review14.md]
tests/integration/test_doc_links.py::test_internal_links_resolve[docs/superpowers/plans/archive/2026-07-02-pipeline-coverage-matrix.md]
tests/integration/test_doc_links.py::test_internal_links_resolve[docs/superpowers/specs/archive/2026-07-17-consolidate-snapshot-differential-storage-design.md]
tests/integration/test_doc_links.py::test_internal_links_resolve[docs/superpowers/plans/archive/2026-07-19-19-end-to-end-validation-protocol-plan.md]
tests/integration/test_doc_links.py::test_internal_links_resolve[docs/superpowers/specs/archive/2026-06-08-shenbi-design.md]
tests/integration/test_doc_links.py::test_internal_links_resolve[docs/superpowers/specs/2026-08-01-output-side-waste-audit-design.md]
tests/integration/test_doc_links.py::test_internal_links_resolve[docs/superpowers/specs/archive/2026-07-19-16-output-structural-integrity-beyond-json-design.md]
tests/integration/test_doc_links.py::test_internal_links_resolve[docs/superpowers/audit-runs/2026-08-14/zone-reports/Z2.review8.md]
tests/integration/test_doc_links.py::test_internal_links_resolve[docs/superpowers/specs/archive/2026-07-16-pipeline-maturity-and-bp-fixes-design.md]
tests/integration/test_doc_links.py::test_internal_links_resolve[docs/superpowers/audit-runs/2026-08-14/zone-reports/Z1.review6.md]
tests/integration/test_doc_links.py::test_internal_links_resolve[docs/superpowers/specs/archive/2026-07-17-fix-chapter-content-looping-design.md]
tests/integration/test_doc_links.py::test_internal_links_resolve[docs/superpowers/plans/archive/2026-06-28-hierarchical-system-wave3-scoring.md]
tests/integration/test_doc_links.py::test_internal_links_resolve[docs/superpowers/audit-runs/2026-08-14/zone-reports/Z6.review4.md]
tests/integration/test_doc_links.py::test_internal_links_resolve[docs/superpowers/audit-runs/2026-08-14/zone-reports/Z4.review12.md]
tests/integration/test_doc_links.py::test_internal_links_resolve[docs/superpowers/specs/2026-08-14-tooling-gate-chain-design.md]
tests/integration/test_doc_links.py::test_internal_links_resolve[docs/superpowers/audit-runs/2026-08-14/thread-reports/T1.md]
tests/integration/test_doc_links.py::test_internal_links_resolve[docs/superpowers/plans/archive/2026-07-19-15-content-quality-gates-and-review-optimization-plan.md]
tests/integration/test_doc_links.py::test_internal_links_resolve[docs/superpowers/specs/2026-08-14-truth-write-path-design.md]
tests/integration/test_doc_links.py::test_internal_links_resolve[docs/superpowers/audit-runs/2026-08-14/zone-reports/Z3.review4.md]
tests/integration/test_doc_links.py::test_internal_links_resolve[docs/superpowers/audit-runs/2026-08-14/zone-reports/Z3.review10.md]
tests/integration/test_doc_links.py::test_internal_links_resolve[docs/superpowers/plans/archive/2026-06-15-p-1.e-05-ci-supply-chain.md]
tests/integration/test_doc_links.py::test_internal_links_resolve[docs/superpowers/plans/archive/2026-08-15-pipeline-never-completes.md]
tests/integration/test_doc_links.py::test_internal_links_resolve[docs/superpowers/audit-runs/2026-08-14/zone-reports/Z11.md]
tests/integration/test_doc_links.py::test_internal_links_resolve[docs/superpowers/specs/archive/2026-07-17-fix-snapshot-bloat-lockfile-budget-design.md]
tests/integration/test_doc_links.py::test_internal_links_resolve[docs/superpowers/audit-runs/2026-08-14/final-report.md]
tests/integration/test_doc_links.py::test_internal_links_resolve[docs/superpowers/plans/archive/2026-07-19-16-output-structural-integrity-beyond-json-plan.md]
tests/integration/test_doc_links.py::test_internal_links_resolve[docs/superpowers/plans/archive/2026-06-11-test-framework.md]
tests/integration/test_doc_links.py::test_internal_links_resolve[SECURITY.md]
tests/integration/test_doc_links.py::test_internal_links_resolve[docs/superpowers/specs/archive/2026-06-15-p-1.e-foundation-completion/01-pr-fraud.md]
tests/integration/test_doc_links.py::test_internal_links_resolve[docs/superpowers/audit-runs/2026-08-14/zone-reports/Z4.review6.md]
tests/integration/test_doc_links.py::test_internal_links_resolve[docs/superpowers/specs/archive/2026-07-02-novel-pipeline-root-cause-fixes-design.md]
tests/integration/test_doc_links.py::test_internal_links_resolve[docs/superpowers/plans/archive/2026-06-29-contract-single-source-pillar2-gates.md]
tests/integration/test_doc_links.py::test_internal_links_resolve[docs/superpowers/audit-runs/2026-08-14/zone-reports/Z6.review16.md]
tests/integration/test_doc_links.py::test_internal_links_resolve[docs/superpowers/audit-runs/2026-08-14/thread-reports/T13.md]
tests/integration/test_doc_links.py::test_internal_links_resolve[docs/superpowers/specs/2026-08-14-gate-effectiveness-design.md]
tests/integration/test_doc_links.py::test_internal_links_resolve[docs/superpowers/audit-runs/2026-08-14/zone-reports/Z3.review19.md]
tests/integration/test_doc_links.py::test_internal_links_resolve[docs/superpowers/audit-runs/2026-08-14/d1/d1-baseline.md]
tests/integration/test_doc_links.py::test_internal_links_resolve[docs/superpowers/plans/archive/2026-07-19-03-pipeline-cost-and-token-accounting-plan.md]
tests/integration/test_doc_links.py::test_internal_links_resolve[docs/superpowers/audit-runs/2026-08-14/progress.md]
tests/integration/test_doc_links.py::test_internal_links_resolve[docs/superpowers/specs/archive/2026-07-17-fix-state-settling-timeout-design.md]
tests/integration/test_doc_links.py::test_internal_links_resolve[docs/superpowers/plans/archive/2026-06-14-p-1.c-structlog-exceptions-adrs.md]
tests/integration/test_doc_links.py::test_internal_links_resolve[CONTRIBUTING.md]
tests/integration/test_doc_links.py::test_internal_links_resolve[docs/superpowers/audit-runs/2026-08-14/zone-reports/Z11.review.md]
tests/integration/test_doc_links.py::test_internal_links_resolve[docs/superpowers/audit-runs/2026-08-14/zone-reports/Z5.review.md]
tests/integration/test_doc_links.py::test_internal_links_resolve[docs/superpowers/specs/archive/2026-06-15-p-1.e-foundation-completion/REVIEW-LOG.md]
tests/integration/test_doc_links.py::test_internal_links_resolve[docs/superpowers/audit-runs/2026-08-14/zone-reports/Z3.review18.md]
tests/integration/test_doc_links.py::test_internal_links_resolve[docs/superpowers/audit-runs/2026-08-14/zone-reports/Z1.review.md]
tests/integration/test_doc_links.py::test_internal_links_resolve[docs/superpowers/specs/archive/2026-07-17-consolidate-review-checklist-static-fields-design.md]
tests/integration/test_doc_links.py::test_internal_links_resolve[docs/superpowers/plans/archive/2026-06-08-phase1-core-pipeline.md]
tests/integration/test_doc_links.py::test_internal_links_resolve[docs/superpowers/plans/archive/2026-07-19-18-pipeline-architecture-optimization-plan.md]
tests/integration/test_doc_links.py::test_internal_links_resolve[docs/superpowers/audit-runs/2026-08-14/d1/d1-08-credential-scan-summary.md]
tests/integration/test_doc_links.py::test_internal_links_resolve[docs/superpowers/specs/archive/2026-06-15-p-1.e-foundation-completion/08-p0-plan-patches.md]
tests/integration/test_doc_links.py::test_internal_links_resolve[docs/superpowers/audit-runs/2026-08-14/zone-reports/Z6.review17.md]
tests/integration/test_doc_links.py::test_internal_links_resolve[docs/superpowers/specs/archive/2026-07-17-fix-protagonist-disappearance-design.md]
tests/integration/test_doc_links.py::test_internal_links_resolve[docs/superpowers/audit-runs/2026-08-14/thread-reports/T12.md]
tests/integration/test_doc_links.py::test_internal_links_resolve[docs/superpowers/audit-runs/2026-08-14/zone-reports/Z4.review7.md]
tests/integration/test_doc_links.py::test_internal_links_resolve[docs/index.md]
tests/integration/test_doc_links.py::test_internal_links_resolve[docs/superpowers/specs/archive/2026-07-17-fix-truth-file-overwrite-pattern-design.md]
tests/integration/test_doc_links.py::test_internal_links_resolve[docs/superpowers/audit-runs/2026-08-14/phase4-spotcheck-report.md]
tests/integration/test_doc_links.py::test_internal_links_resolve[docs/superpowers/audit-runs/2026-08-14/zone-reports/Z3.review11.md]
tests/integration/test_doc_links.py::test_internal_links_resolve[docs/superpowers/audit-runs/2026-08-14/zone-reports/Z3.review5.md]
tests/integration/test_doc_links.py::test_internal_links_resolve[docs/superpowers/audit-runs/2026-08-14/zone-reports/Z10.md]
tests/integration/test_doc_links.py::test_internal_links_resolve[docs/superpowers/audit-runs/2026-08-14/d1/d1-11-skip-summary.md]
tests/integration/test_doc_links.py::test_internal_links_resolve[docs/superpowers/audit-runs/2026-08-14/phase4-root-cause-clusters.md]
tests/integration/test_doc_links.py::test_internal_links_resolve[docs/superpowers/audit-runs/2026-08-14/zone-reports/Z6.review5.md]
tests/integration/test_doc_links.py::test_internal_links_resolve[docs/superpowers/audit-runs/2026-08-14/coverage-ledger.md]
tests/integration/test_doc_links.py::test_internal_links_resolve[docs/superpowers/plans/archive/2026-07-02-novel-pipeline-root-cause-fixes.md]
tests/integration/test_doc_links.py::test_internal_links_resolve[docs/adr/0002-ruff-strict.md]
tests/integration/test_doc_links.py::test_internal_links_resolve[docs/framework/dispatcher.md]
tests/integration/test_doc_links.py::test_internal_links_resolve[docs/superpowers/specs/archive/2026-07-19-04-configuration-coherence-and-threshold-governance-design.md]
tests/integration/test_doc_links.py::test_internal_links_resolve[docs/superpowers/specs/2026-08-15-snapshot-subsystem-wiring-design.md]
tests/integration/test_doc_links.py::test_internal_links_resolve[docs/superpowers/audit-runs/2026-08-14/zone-reports/Z4.review13.md]
tests/integration/test_doc_links.py::test_internal_links_resolve[docs/superpowers/plans/archive/2026-08-02-pr20-followup-dependabot-and-embeddings-ci.md]
tests/integration/test_doc_links.py::test_internal_links_resolve[docs/superpowers/specs/archive/2026-07-01-novel-pipeline-design.md]
tests/integration/test_doc_links.py::test_internal_links_resolve[docs/superpowers/specs/archive/2026-07-08-contract-consistency-infrastructure-design.md]
tests/integration/test_doc_links.py::test_internal_links_resolve[docs/superpowers/audit-runs/2026-08-14/zone-reports/Z2.review9.md]
tests/integration/test_doc_links.py::test_internal_links_resolve[README.md]
tests/integration/test_doc_links.py::test_internal_links_resolve[docs/superpowers/plans/archive/2026-07-16-p0-blocking-fixes.md]
tests/integration/test_doc_links.py::test_internal_links_resolve[docs/superpowers/audit-runs/2026-08-14/zone-reports/Z1.review7.md]
tests/integration/test_doc_links.py::test_internal_links_resolve[docs/superpowers/specs/archive/2026-06-28-hierarchical-memory-scoring-system-design.md]
tests/integration/test_doc_links.py::test_internal_links_resolve[docs/superpowers/audit-runs/2026-08-14/zone-reports/Z1.review15.md]
tests/integration/test_doc_links.py::test_internal_links_resolve[docs/superpowers/plans/archive/2026-07-19-02-output-validation-and-format-enforcement-plan.md]
tests/integration/test_doc_links.py::test_internal_links_resolve[docs/superpowers/audit-runs/2026-08-14/zone-reports/Z8-c.md]
tests/integration/test_doc_links.py::test_internal_links_resolve[docs/superpowers/specs/archive/2026-07-17-fix-character-archive-completeness-design.md]
tests/integration/test_doc_links.py::test_internal_links_resolve[docs/superpowers/specs/archive/2026-07-17-fix-json-nonstandard-format-design.md]
tests/integration/test_doc_links.py::test_internal_links_resolve[docs/superpowers/specs/archive/2026-07-01-documentation-redesign-design.md]
tests/integration/test_doc_links.py::test_internal_links_resolve[docs/superpowers/plans/archive/2026-07-19-05-semantic-index-population-and-parser-coherence-plan.md]
tests/integration/test_doc_links.py::test_internal_links_resolve[docs/superpowers/plans/archive/2026-06-15-p-1.e-02-pr-fraud.md]
tests/integration/test_doc_links.py::test_internal_links_resolve[docs/superpowers/audit-runs/2026-08-14/zone-reports/Z2.review17.md]
tests/integration/test_doc_links.py::test_internal_links_resolve[AGENTS.md]
tests/integration/test_doc_links.py::test_internal_links_resolve[docs/adr/0009-dispatcher-python-rewrite.md]
tests/integration/test_doc_links.py::test_internal_links_resolve[docs/superpowers/audit-runs/2026-08-14/thread-reports/T9.md]
tests/integration/test_doc_links.py::test_internal_links_resolve[CODE_OF_CONDUCT.md]
tests/integration/test_doc_links.py::test_internal_links_resolve[docs/superpowers/audit-runs/2026-08-14/zone-reports/Z5.review2.md]
tests/integration/test_doc_links.py::test_internal_links_resolve[docs/superpowers/plans/archive/2026-07-19-09-dispatch-safety-and-file-integrity-plan.md]
tests/integration/test_doc_links.py::test_internal_links_resolve[docs/superpowers/plans/archive/2026-07-19-13-lifecycle-enforcement-and-retention-bounds-plan.md]
tests/integration/test_doc_links.py::test_internal_links_resolve[docs/superpowers/plans/archive/2026-07-02-novel-pipeline-wave5-integration.md]
tests/integration/test_doc_links.py::test_internal_links_resolve[docs/superpowers/audit-runs/2026-08-14/zone-reports/Z2.review2.md]
tests/integration/test_doc_links.py::test_internal_links_resolve[docs/superpowers/specs/archive/2026-07-17-fix-chapter-size-time-uncorrelated-design.md]
tests/integration/test_doc_links.py::test_internal_links_resolve[docs/superpowers/plans/archive/2026-07-19-04-configuration-coherence-and-threshold-governance-plan.md]
tests/integration/test_doc_links.py::test_internal_links_resolve[docs/superpowers/audit-runs/2026-08-14/zone-reports/Z8-a.md]
tests/integration/test_doc_links.py::test_internal_links_resolve[docs/superpowers/plans/archive/2026-06-11-gate-system-implementation.md]
tests/integration/test_doc_links.py::test_internal_links_resolve[docs/superpowers/audit-runs/2026-08-14/zone-reports/Z2.review15.md]
tests/integration/test_doc_links.py::test_internal_links_resolve[docs/superpowers/specs/archive/2026-06-15-p-1.e-foundation-completion/05-ci-supply-chain.md]
tests/integration/test_doc_links.py::test_internal_links_resolve[docs/superpowers/specs/archive/2026-06-29-contract-single-source-design.md]
tests/integration/test_doc_links.py::test_internal_links_resolve[docs/superpowers/audit-runs/2026-08-14/thread-reports/T2.md]
tests/integration/test_doc_links.py::test_internal_links_resolve[docs/superpowers/plans/archive/2026-07-19-17-pipeline-infrastructure-and-resilience-plan.md]
tests/integration/test_doc_links.py::test_internal_links_resolve[docs/superpowers/audit-runs/2026-08-14/zone-reports/phase-1-overall.md]
tests/integration/test_doc_links.py::test_internal_links_resolve[docs/superpowers/specs/archive/2026-07-17-reduce-token-waste-design.md]
tests/integration/test_doc_links.py::test_internal_links_resolve[docs/superpowers/audit-runs/2026-08-14/zone-reports/Z4.review11.md]
tests/integration/test_doc_links.py::test_internal_links_resolve[docs/superpowers/audit-runs/2026-08-14/zone-reports/Z6.review7.md]
tests/integration/test_doc_links.py::test_internal_links_resolve[docs/adr/0001-pyproject-uv.md]
tests/integration/test_doc_links.py::test_internal_links_resolve[docs/superpowers/specs/archive/2026-08-01-pipeline-read-write-consistency-audit-design.md]
tests/integration/test_doc_links.py::test_internal_links_resolve[docs/superpowers/specs/2026-08-14-decisions-chain-design.md]
tests/integration/test_doc_links.py::test_internal_links_resolve[docs/superpowers/audit-runs/2026-08-14/zone-reports/Z1.review5.md]
tests/integration/test_doc_links.py::test_internal_links_resolve[docs/superpowers/plans/archive/2026-06-15-p-1.e-03-tooling.md]
tests/integration/test_doc_links.py::test_internal_links_resolve[docs/superpowers/audit-runs/2026-08-14/zone-reports/Z1.a.md]
tests/integration/test_doc_links.py::test_internal_links_resolve[docs/superpowers/audit-runs/2026-08-14/zone-reports/Z4.review5.md]
tests/integration/test_doc_links.py::test_internal_links_resolve[docs/superpowers/specs/archive/2026-08-01-pr23-debugging-postmortem-design.md]
tests/integration/test_doc_links.py::test_internal_links_resolve[docs/superpowers/specs/archive/2026-07-17-fix-seven-chapters-zero-prose-design.md]
tests/integration/test_doc_links.py::test_internal_links_resolve[docs/superpowers/specs/2026-08-14-drift-chain-design.md]
tests/integration/test_doc_links.py::test_internal_links_resolve[docs/superpowers/audit-runs/2026-08-14/zone-reports/Z2.review.md]
tests/integration/test_doc_links.py::test_internal_links_resolve[docs/superpowers/audit-runs/2026-08-14/zone-reports/Z3.review13.md]
tests/integration/test_doc_links.py::test_internal_links_resolve[docs/superpowers/audit-runs/2026-08-14/zone-reports/Z6.review.md]
tests/integration/test_doc_links.py::test_internal_links_resolve[docs/superpowers/specs/archive/2026-06-11-test-gate-system-design.md]
tests/integration/test_doc_links.py::test_internal_links_resolve[docs/superpowers/audit-runs/2026-08-14/zone-reports/Z3.review7.md]
tests/integration/test_doc_links.py::test_internal_links_resolve[docs/superpowers/specs/archive/2026-07-17-fix-staging-residue-cleanup-design.md]
tests/integration/test_doc_links.py::test_internal_links_resolve[docs/superpowers/specs/archive/2026-08-01-eliminate-existing-warnings-plan.md]
tests/integration/test_doc_links.py::test_internal_links_resolve[docs/superpowers/plans/archive/2026-06-29-contract-single-source-pillar6-docs-lint.md]
tests/integration/test_doc_links.py::test_internal_links_resolve[docs/superpowers/audit-runs/2026-08-14/thread-reports/T10.md]
tests/integration/test_doc_links.py::test_internal_links_resolve[docs/superpowers/audit-runs/2026-08-14/zone-reports/Z6.review15.md]
tests/integration/test_doc_links.py::test_internal_links_resolve[docs/superpowers/audit-runs/2026-08-14/thread-reports/T11.md]
tests/integration/test_doc_links.py::test_internal_links_resolve[docs/superpowers/audit-runs/2026-08-14/zone-reports/Z6.review14.md]
tests/integration/test_doc_links.py::test_internal_links_resolve[docs/superpowers/audit-runs/2026-08-14/zone-reports/Z2.a.md]
tests/integration/test_doc_links.py::test_internal_links_resolve[docs/superpowers/specs/archive/2026-07-19-09-dispatch-safety-and-file-integrity-design.md]
tests/integration/test_doc_links.py::test_internal_links_resolve[docs/superpowers/specs/archive/2026-07-19-17-pipeline-infrastructure-and-resilience-design.md]
tests/integration/test_doc_links.py::test_internal_links_resolve[docs/framework/gates.md]
tests/integration/test_doc_links.py::test_internal_links_resolve[docs/superpowers/specs/archive/2026-06-11-test-plan-design.md]
tests/integration/test_doc_links.py::test_internal_links_resolve[docs/superpowers/specs/archive/2026-07-07-clean-context-handoff-design.md]
tests/integration/test_doc_links.py::test_internal_links_resolve[docs/adr/index.md]
tests/integration/test_doc_links.py::test_internal_links_resolve[docs/superpowers/plans/archive/2026-06-08-phases-2-through-5.md]
tests/integration/test_doc_links.py::test_internal_links_resolve[docs/superpowers/plans/archive/2026-08-02-token-efficiency-master-p0-p1.md]
tests/integration/test_doc_links.py::test_internal_links_resolve[docs/superpowers/specs/2026-08-14-security-injection-design.md]
tests/integration/test_doc_links.py::test_internal_links_resolve[docs/superpowers/specs/archive/2026-07-19-18-pipeline-architecture-optimization-design.md]
tests/integration/test_doc_links.py::test_internal_links_resolve[docs/superpowers/audit-runs/2026-08-14/zone-reports/Z3.review6.md]
tests/integration/test_doc_links.py::test_internal_links_resolve[docs/superpowers/audit-runs/2026-08-14/zone-reports/Z3.review12.md]
tests/integration/test_doc_links.py::test_internal_links_resolve[docs/superpowers/specs/archive/2026-07-17-fix-resonance-score-null-design.md]
tests/integration/test_doc_links.py::test_internal_links_resolve[docs/api/logging.md]
tests/integration/test_doc_links.py::test_internal_links_resolve[docs/superpowers/specs/archive/2026-08-14-pipeline-never-completes-design.md]
tests/integration/test_doc_links.py::test_internal_links_resolve[docs/superpowers/specs/archive/2026-07-19-13-lifecycle-enforcement-and-retention-bounds-design.md]
tests/integration/test_doc_links.py::test_internal_links_resolve[docs/superpowers/full-project-audit-prompt.md]
tests/integration/test_doc_links.py::test_internal_links_resolve[docs/superpowers/specs/archive/2026-07-19-15-content-quality-gates-and-review-optimization-design.md]
tests/integration/test_doc_links.py::test_internal_links_resolve[docs/superpowers/audit-runs/2026-08-14/zone-reports/Z4.review4.md]
tests/integration/test_doc_links.py::test_internal_links_resolve[docs/superpowers/audit-runs/2026-08-14/findings-ledger.md]
tests/integration/test_doc_links.py::test_internal_links_resolve[docs/superpowers/audit-runs/2026-08-14/zone-reports/Z1.review4.md]
tests/integration/test_doc_links.py::test_internal_links_resolve[docs/superpowers/specs/archive/2026-07-17-fix-pipeline-state-stale-data-design.md]
tests/integration/test_doc_links.py::test_internal_links_resolve[docs/superpowers/plans/archive/2026-06-14-p-1.b-pytest-ci-precommit.md]
tests/integration/test_doc_links.py::test_internal_links_resolve[docs/superpowers/plans/archive/2026-06-13-test-integrity-hardening.md]
tests/integration/test_doc_links.py::test_internal_links_resolve[docs/superpowers/specs/archive/2026-07-17-restore-progress-tracking-design.md]
tests/integration/test_doc_links.py::test_internal_links_resolve[docs/superpowers/audit-runs/2026-08-14/zone-reports/Z4.review10.md]
tests/integration/test_doc_links.py::test_internal_links_resolve[docs/superpowers/specs/archive/2026-07-17-end-to-end-validation-after-fixes-design.md]
tests/integration/test_doc_links.py::test_internal_links_resolve[docs/superpowers/specs/archive/2026-06-15-p-1.e-foundation-completion/02-structural-layout.md]
tests/integration/test_doc_links.py::test_internal_links_resolve[docs/framework/scoring.md]
tests/integration/test_doc_links.py::test_internal_links_resolve[docs/superpowers/audit-runs/2026-08-14/thread-reports/T3.md]
tests/integration/test_doc_links.py::test_internal_links_resolve[docs/adr/0004-pytest-framework.md]
tests/integration/test_doc_links.py::test_internal_links_resolve[docs/superpowers/audit-runs/2026-08-14/zone-reports/Z6.review6.md]
tests/integration/test_doc_links.py::test_internal_links_resolve[docs/superpowers/plans/archive/2026-07-19-07-context-persistence-and-linguistic-drift-prevention-plan.md]
tests/integration/test_doc_links.py::test_internal_links_resolve[docs/superpowers/audit-runs/2026-08-14/zone-reports/Z2.review14.md]
tests/integration/test_doc_links.py::test_internal_links_resolve[docs/superpowers/specs/archive/2026-06-16-test-coverage-completion-design.md]
tests/integration/test_doc_links.py::test_internal_links_resolve[docs/superpowers/plans/archive/2026-07-19-14-skill-contract-and-description-quality-plan.md]
tests/integration/test_doc_links.py::test_internal_links_resolve[docs/basedpyright-overrides.md]
tests/integration/test_doc_links.py::test_internal_links_resolve[docs/superpowers/plans/archive/2026-06-14-p-1.a-foundation-metadata.md]
tests/integration/test_doc_links.py::test_internal_links_resolve[docs/superpowers/specs/archive/2026-07-18-pipeline-step-reorganization-design.md]
tests/integration/test_doc_links.py::test_internal_links_resolve[docs/superpowers/specs/archive/2026-07-19-01-truth-file-and-state-accumulation-design.md]
tests/integration/test_doc_links.py::test_internal_links_resolve[docs/superpowers/audit-runs/2026-08-14/zone-reports/Z7-d.md]
tests/integration/test_doc_links.py::test_internal_links_resolve[docs/framework/decisions-schema.md]
tests/integration/test_doc_links.py::test_internal_links_resolve[docs/superpowers/audit-runs/2026-08-14/zone-reports/Z2.review3.md]
tests/integration/test_doc_links.py::test_internal_links_resolve[docs/superpowers/audit-runs/2026-08-14/zone-reports/Z1.review16.md]
tests/integration/test_doc_links.py::test_internal_links_resolve[docs/superpowers/audit-runs/2026-08-15/progress.md]
tests/integration/test_doc_links.py::test_internal_links_resolve[docs/superpowers/specs/2026-08-14-fixture-authenticity-design.md]
tests/integration/test_doc_links.py::test_internal_links_resolve[docs/superpowers/audit-runs/2026-08-14/thread-reports/T7.md]
tests/integration/test_doc_links.py::test_internal_links_resolve[docs/superpowers/plans/archive/2026-06-21-consistency-single-source.md]
tests/integration/test_doc_links.py::test_internal_links_resolve[docs/superpowers/audit-runs/2026-08-14/zone-reports/Z4.review14.md]
tests/integration/test_doc_links.py::test_internal_links_resolve[docs/superpowers/audit-runs/2026-08-14/zone-reports/Z6.review2.md]
tests/integration/test_doc_links.py::test_internal_links_resolve[docs/superpowers/specs/archive/2026-07-18-parallelize-pipeline-steps-design.md]
tests/integration/test_doc_links.py::test_internal_links_resolve[docs/superpowers/specs/archive/2026-08-02-issue24-cyclic-import-refactor-design.md]
tests/integration/test_doc_links.py::test_internal_links_resolve[docs/superpowers/specs/2026-08-14-audit-chain-design.md]
tests/integration/test_doc_links.py::test_internal_links_resolve[docs/superpowers/plans/archive/2026-06-22-positive-quality-gates.md]
tests/integration/test_doc_links.py::test_internal_links_resolve[docs/superpowers/audit-runs/2026-08-14/zone-reports/Z1.review9.md]
tests/integration/test_doc_links.py::test_internal_links_resolve[docs/skills/index.md]
tests/integration/test_doc_links.py::test_internal_links_resolve[docs/superpowers/specs/INDEX.md]
tests/integration/test_doc_links.py::test_internal_links_resolve[docs/superpowers/audit-runs/2026-08-14/zone-reports/Z1.review12.md]
tests/integration/test_doc_links.py::test_internal_links_resolve[docs/superpowers/specs/archive/2026-07-18-structured-chapter-representation-design.md]
tests/integration/test_doc_links.py::test_internal_links_resolve[docs/superpowers/plans/INDEX.md]
tests/integration/test_doc_links.py::test_internal_links_resolve[docs/superpowers/audit-runs/2026-08-14/zone-reports/Z2.review7.md]
tests/integration/test_doc_links.py::test_internal_links_resolve[docs/superpowers/audit-runs/2026-08-14/zone-reports/Z2.review10.md]
tests/integration/test_doc_links.py::test_internal_links_resolve[docs/superpowers/specs/archive/2026-07-17-fix-snapshot-coverage-gaps-design.md]
tests/integration/test_doc_links.py::test_internal_links_resolve[docs/superpowers/audit-runs/2026-08-14/zone-reports/Z5.review5.md]
tests/integration/test_doc_links.py::test_internal_links_resolve[docs/superpowers/specs/archive/2026-07-17-fix-decisions-json-corruption-design.md]
tests/integration/test_doc_links.py::test_internal_links_resolve[docs/getting-started/concepts.md]
tests/integration/test_doc_links.py::test_internal_links_resolve[docs/superpowers/plans/archive/2026-07-02-novel-pipeline-wave1-foundation.md]
tests/integration/test_doc_links.py::test_internal_links_resolve[docs/superpowers/plans/archive/2026-06-14-p-1.d-refactor-cleanup-extras.md]
tests/integration/test_doc_links.py::test_internal_links_resolve[docs/superpowers/specs/archive/2026-07-18-optimize-llm-context-design.md]
tests/integration/test_doc_links.py::test_internal_links_resolve[docs/api/exceptions.md]
tests/integration/test_doc_links.py::test_internal_links_resolve[docs/superpowers/audit-runs/2026-08-14/zone-reports/Z6.review10.md]
tests/integration/test_doc_links.py::test_internal_links_resolve[docs/superpowers/audit-runs/2026-08-14/zone-reports/Z4.review9.md]
tests/integration/test_doc_links.py::test_internal_links_resolve[docs/superpowers/audit-runs/2026-08-14/zone-reports/Z6.a.md]
tests/integration/test_doc_links.py::test_internal_links_resolve[docs/superpowers/audit-runs/2026-08-14/thread-reports/T15.md]
tests/integration/test_doc_links.py::test_internal_links_resolve[docs/superpowers/audit-runs/2026-08-14/zone-reports/Z3.review20.md]
tests/integration/test_doc_links.py::test_internal_links_resolve[docs/superpowers/specs/2026-08-14-config-governance-design.md]
tests/integration/test_doc_links.py::test_internal_links_resolve[docs/adr/0000-template.md]
tests/integration/test_doc_links.py::test_internal_links_resolve[docs/framework/chapter-file-format.md]
tests/integration/test_doc_links.py::test_internal_links_resolve[docs/getting-started/installation.md]
tests/integration/test_doc_links.py::test_internal_links_resolve[docs/superpowers/specs/archive/2026-06-21-consistency-single-source-design.md]
tests/integration/test_doc_links.py::test_internal_links_resolve[docs/superpowers/plans/archive/2026-07-06-pipeline-phase1-defect-fix.md]
tests/integration/test_doc_links.py::test_internal_links_resolve[docs/superpowers/plans/archive/2026-07-07-pipeline-performance-redesign.md]
tests/integration/test_doc_links.py::test_internal_links_resolve[docs/superpowers/specs/archive/2026-07-17-fix-revision-system-failure-design.md]
tests/integration/test_doc_links.py::test_internal_links_resolve[docs/superpowers/audit-runs/2026-08-14/zone-reports/Z3.review16.md]
tests/integration/test_doc_links.py::test_internal_links_resolve[docs/superpowers/audit-runs/2026-08-14/zone-reports/Z3.review2.md]
tests/integration/test_doc_links.py::test_internal_links_resolve[docs/superpowers/specs/archive/2026-07-17-consolidate-gate-markers-manifest-design.md]
tests/integration/test_doc_links.py::test_internal_links_resolve[docs/superpowers/plans/archive/2026-07-19-08-concurrent-dispatch-and-state-safety-plan.md]
tests/integration/test_doc_links.py::test_internal_links_resolve[docs/superpowers/specs/archive/2026-07-17-fix-style-learning-never-updated-design.md]
tests/integration/test_doc_links.py::test_internal_links_resolve[docs/superpowers/plans/archive/2026-06-29-contract-single-source-pillar5-property.md]
tests/integration/test_doc_links.py::test_internal_links_resolve[docs/superpowers/plans/archive/2026-06-15-p-1.e-06-enterprise.md]
tests/integration/test_doc_links.py::test_internal_links_resolve[docs/superpowers/specs/archive/2026-07-17-fix-volume-map-not-consumed-design.md]
tests/integration/test_doc_links.py::test_internal_links_resolve[docs/superpowers/specs/archive/2026-07-07-pipeline-performance-redesign.md]
tests/integration/test_doc_links.py::test_internal_links_resolve[docs/superpowers/audit-runs/2026-08-14/zone-reports/Z3.review3.md]
tests/integration/test_doc_links.py::test_internal_links_resolve[docs/superpowers/specs/archive/2026-07-17-fix-context-assembly-persistence-gap-design.md]
tests/integration/test_doc_links.py::test_internal_links_resolve[docs/superpowers/audit-runs/2026-08-14/zone-reports/Z3.review17.md]
tests/integration/test_doc_links.py::test_internal_links_resolve[docs/superpowers/plans/archive/2026-06-28-hierarchical-system-wave4-loop-approval.md]
tests/integration/test_doc_links.py::test_internal_links_resolve[docs/superpowers/audit-runs/2026-08-14/zone-reports/Z5.a.md]
tests/integration/test_doc_links.py::test_internal_links_resolve[docs/superpowers/specs/2026-08-13-full-project-audit-prompt-design.md]
tests/integration/test_doc_links.py::test_internal_links_resolve[docs/superpowers/specs/archive/2026-07-19-03-pipeline-cost-and-token-accounting-design.md]
tests/integration/test_doc_links.py::test_internal_links_resolve[docs/superpowers/audit-runs/2026-08-14/zone-reports/Z6.review11.md]
tests/integration/test_doc_links.py::test_internal_links_resolve[docs/superpowers/audit-runs/2026-08-14/zone-reports/Z4.review8.md]
tests/integration/test_doc_links.py::test_internal_links_resolve[docs/superpowers/audit-runs/2026-08-14/thread-reports/T14.md]
tests/integration/test_doc_links.py::test_internal_links_resolve[docs/superpowers/plans/archive/2026-07-09-ci-optimization.md]
tests/integration/test_doc_links.py::test_internal_links_resolve[docs/superpowers/plans/archive/2026-07-19-10-content-planning-and-deliverable-plan.md]
tests/integration/test_doc_links.py::test_internal_links_resolve[docs/superpowers/specs/archive/2026-06-15-p-1.e-foundation-completion/03-tooling-invalidation.md]
tests/integration/test_doc_links.py::test_internal_links_resolve[docs/superpowers/specs/2026-08-14-contract-single-source-design.md]
tests/integration/test_doc_links.py::test_internal_links_resolve[docs/superpowers/specs/archive/2026-07-19-10-content-planning-and-deliverable-design.md]
tests/integration/test_doc_links.py::test_internal_links_resolve[docs/superpowers/audit-runs/2026-08-15/coverage-ledger.md]
tests/integration/test_doc_links.py::test_internal_links_resolve[docs/superpowers/specs/archive/2026-07-19-19-end-to-end-validation-protocol-design.md]
tests/integration/test_doc_links.py::test_internal_links_resolve[docs/superpowers/audit-runs/2026-08-14/zone-reports/Z5.review4.md]
tests/integration/test_doc_links.py::test_internal_links_resolve[docs/superpowers/plans/archive/2026-06-28-hierarchical-system-wave1-helpers.md]
tests/integration/test_doc_links.py::test_internal_links_resolve[docs/superpowers/plans/archive/2026-06-29-contract-single-source-pillar4-tierA.md]
tests/integration/test_doc_links.py::test_internal_links_resolve[docs/superpowers/audit-runs/2026-08-14/zone-reports/Z2.review11.md]
tests/integration/test_doc_links.py::test_internal_links_resolve[docs/superpowers/plans/archive/2026-07-01-documentation-redesign.md]
tests/integration/test_doc_links.py::test_internal_links_resolve[docs/adr/0005-structlog.md]
tests/integration/test_doc_links.py::test_internal_links_resolve[docs/superpowers/audit-runs/2026-08-14/zone-reports/Z1.review8.md]
tests/integration/test_doc_links.py::test_internal_links_resolve[docs/superpowers/audit-runs/2026-08-14/zone-reports/Z7-a.md]
tests/integration/test_doc_links.py::test_internal_links_resolve[docs/superpowers/audit-runs/2026-08-14/zone-reports/Z1.review13.md]
tests/integration/test_doc_links.py::test_internal_links_resolve[docs/superpowers/audit-runs/2026-08-14/zone-reports/Z2.review6.md]
tests/integration/test_doc_links.py::test_internal_links_resolve[docs/superpowers/specs/archive/2026-07-17-fix-resonance-g4-format-mismatch-design.md]
tests/integration/test_doc_links.py::test_internal_links_resolve[docs/_shared-evidence-template/REVIEW_EVIDENCE.md]
tests/integration/test_doc_links.py::test_internal_links_resolve[docs/superpowers/specs/2026-08-01-deterministic-skill-replacement-audit-design.md]
tests/integration/test_doc_links.py::test_internal_links_resolve[docs/superpowers/audit-runs/2026-08-14/zone-reports/Z4.review.md]
tests/integration/test_doc_links.py::test_internal_links_resolve[outline-example.md]
tests/integration/test_doc_links.py::test_internal_links_resolve[docs/superpowers/audit-runs/2026-08-14/zone-reports/Z4.review15.md]
tests/integration/test_doc_links.py::test_internal_links_resolve[docs/superpowers/plans/archive/2026-07-19-06-llm-context-engineering-plan.md]
tests/integration/test_doc_links.py::test_internal_links_resolve[docs/superpowers/specs/archive/2026-06-15-p-1.e-foundation-completion/04-testing-foundation.md]
tests/integration/test_doc_links.py::test_internal_links_resolve[docs/superpowers/audit-runs/2026-08-14/thread-reports/T6.md]
tests/integration/test_doc_links.py::test_internal_links_resolve[docs/superpowers/plans/archive/2026-06-29-contract-single-source-pillar3-cjk.md]
tests/integration/test_doc_links.py::test_internal_links_resolve[docs/superpowers/specs/archive/2026-07-19-12-state-counter-integrity-and-telemetry-wiring-design.md]
tests/integration/test_doc_links.py::test_internal_links_resolve[docs/superpowers/audit-runs/2026-08-14/zone-reports/Z6.review3.md]
tests/integration/test_doc_links.py::test_internal_links_resolve[docs/adr/0008-validate-gate-modularization.md]
tests/integration/test_doc_links.py::test_internal_links_resolve[docs/superpowers/specs/archive/2026-07-19-11-data-storage-optimization-design.md]
tests/integration/test_doc_links.py::test_internal_links_resolve[docs/superpowers/plans/archive/2026-06-15-p-1.e-04-testing.md]
tests/integration/test_doc_links.py::test_internal_links_resolve[docs/adr/0006-typed-exceptions.md]
tests/integration/test_doc_links.py::test_internal_links_resolve[docs/superpowers/audit-runs/2026-08-14/zone-reports/Z1.review3.md]
tests/integration/test_doc_links.py::test_internal_links_resolve[CHANGELOG.md]
tests/integration/test_doc_links.py::test_internal_links_resolve[docs/superpowers/specs/2026-08-14-z11-output-contracts-design.md]
tests/integration/test_doc_links.py::test_internal_links_resolve[docs/superpowers/specs/archive/2026-07-18-pipeline-runtime-optimizations-design.md]
tests/integration/test_doc_links.py::test_internal_links_resolve[docs/superpowers/plans/archive/2026-07-08-contract-consistency-infrastructure.md]
tests/integration/test_doc_links.py::test_internal_links_resolve[docs/superpowers/audit-runs/2026-08-14/meta-audit.md]
tests/integration/test_doc_links.py::test_internal_links_resolve[docs/superpowers/audit-runs/2026-08-14/zone-reports/Z3.a.md]
tests/integration/test_doc_links.py::test_internal_links_resolve[docs/superpowers/plans/archive/2026-06-28-hierarchical-system-wave2-memory.md]
tests/integration/test_doc_links.py::test_internal_links_resolve[docs/superpowers/audit-runs/2026-08-14/thread-reports/T4.md]
tests/integration/test_doc_links.py::test_internal_links_resolve[docs/superpowers/audit-runs/2026-08-14/zone-reports/Z6.review8.md]
tests/integration/test_doc_links.py::test_internal_links_resolve[docs/superpowers/specs/archive/2026-08-01-inference-control-audit-design.md]
tests/integration/test_doc_links.py::test_internal_links_resolve[docs/superpowers/audit-runs/2026-08-14/zone-reports/Z5.review6.md]
tests/integration/test_doc_links.py::test_internal_links_resolve[docs/superpowers/audit-runs/2026-08-14/zone-reports/Z2.review13.md]
tests/integration/test_doc_links.py::test_internal_links_resolve[docs/superpowers/specs/archive/2026-07-17-fix-progressive-prose-collapse-design.md]
tests/integration/test_doc_links.py::test_internal_links_resolve[docs/superpowers/audit-runs/2026-08-14/zone-reports/Z2.review4.md]
tests/integration/test_doc_links.py::test_internal_links_resolve[docs/superpowers/audit-runs/2026-08-14/zone-reports/Z1.review11.md]
tests/integration/test_doc_links.py::test_internal_links_resolve[docs/superpowers/specs/2026-08-14-cost-ledger-design.md]
tests/integration/test_doc_links.py::test_internal_links_resolve[docs/superpowers/audit-runs/2026-08-14/zone-reports/Z3.review.md]
tests/integration/test_doc_links.py::test_internal_links_resolve[docs/superpowers/audit-runs/2026-08-14/zone-reports/Z7-c.md]
tests/integration/test_doc_links.py::test_internal_links_resolve[docs/superpowers/plans/archive/2026-06-15-p-1.e-01-src-layout.md]
tests/integration/test_doc_links.py::test_internal_links_resolve[docs/architecture/overview.md]
tests/integration/test_doc_links.py::test_internal_links_resolve[docs/superpowers/specs/archive/2026-07-18-graceful-shutdown-crash-recovery-design.md]
tests/integration/test_doc_links.py::test_internal_links_resolve[docs/superpowers/plans/archive/2026-07-02-novel-pipeline-wave4-skill-integration.md]
tests/integration/test_doc_links.py::test_internal_links_resolve[goal-prompt.md]
tests/integration/test_doc_links.py::test_internal_links_resolve[docs/superpowers/audit-runs/2026-08-14/zone-reports/Z6.review13.md]
tests/integration/test_doc_links.py::test_internal_links_resolve[docs/superpowers/specs/archive/2026-06-15-p-1.e-foundation-completion/06-enterprise-and-polish.md]
tests/integration/test_doc_links.py::test_internal_links_resolve[docs/superpowers/plans/archive/2026-08-02-inference-control-audit-plan.md]
tests/integration/test_doc_links.py::test_internal_links_resolve[docs/superpowers/audit-runs/2026-08-14/zone-reports/Z3.review8.md]
tests/integration/test_doc_links.py::test_internal_links_resolve[docs/superpowers/specs/archive/2026-07-17-improve-meta-block-design.md]
tests/integration/test_doc_links.py::test_internal_links_resolve[docs/superpowers/plans/archive/2026-06-16-test-coverage-completion.md]
tests/integration/test_doc_links.py::test_internal_links_resolve[docs/superpowers/plans/archive/2026-07-02-novel-pipeline-wave2-retrieval.md]
tests/integration/test_doc_links.py::test_internal_links_resolve[docs/superpowers/plans/archive/2026-06-29-contract-single-source-pillar1.md]
tests/integration/test_doc_links.py::test_internal_links_resolve[docs/superpowers/audit-runs/2026-08-14/zone-reports/Z3.review15.md]
tests/integration/test_doc_links.py::test_internal_links_resolve[docs/superpowers/plans/archive/2026-07-19-01-truth-file-and-state-accumulation-plan.md]
tests/integration/test_doc_links.py::test_internal_links_resolve[docs/superpowers/plans/archive/2026-08-02-issue24-cyclic-import-refactor.md]
tests/integration/test_doc_links.py::test_internal_links_resolve[docs/superpowers/specs/archive/2026-07-17-fix-review-summary-all-identical-design.md]
tests/integration/test_doc_links.py::test_internal_links_resolve[docs/superpowers/plans/archive/2026-07-19-11-data-storage-optimization-plan.md]
tests/integration/test_doc_links.py::test_internal_links_resolve[docs/superpowers/specs/archive/2026-07-19-08-concurrent-dispatch-and-state-safety-design.md]
tests/integration/test_doc_links.py::test_internal_links_resolve[docs/superpowers/specs/archive/2026-06-13-test-integrity-hardening-design.md]
tests/integration/test_doc_links.py::test_internal_links_resolve[docs/superpowers/specs/archive/2026-07-17-fix-state-machine-current-step-corruption-design.md]
tests/integration/test_doc_links.py::test_internal_links_resolve[docs/framework/logging.md]
tests/integration/test_doc_links.py::test_internal_links_resolve[docs/superpowers/specs/archive/2026-08-02-pr20-followup-dependabot-and-embeddings-ci-design.md]
tests/integration/test_doc_links.py::test_internal_links_resolve[docs/superpowers/single-model-sdd-prompt.md]
tests/integration/test_doc_links.py::test_internal_links_resolve[docs/superpowers/specs/2026-08-14-deps-supply-chain-design.md]
tests/integration/test_doc_links.py::test_internal_links_resolve[docs/superpowers/specs/2026-08-14-z8-contract-drift-design.md]
tests/integration/test_doc_links.py::test_internal_links_resolve[docs/superpowers/audit-runs/2026-08-14/zone-reports/Z4.review3.md]
tests/integration/test_doc_links.py::test_internal_links_resolve[docs/superpowers/plans/archive/2026-07-19-12-state-counter-integrity-and-telemetry-wiring-plan.md]
tests/integration/test_doc_links.py::test_internal_links_resolve[docs/superpowers/specs/2026-08-14-data-loss-cluster-design.md]
tests/integration/test_doc_links.py::test_internal_links_resolve[docs/superpowers/specs/archive/2026-07-17-fix-chapter-title-degradation-design.md]
tests/integration/test_doc_links.py::test_internal_links_resolve[docs/superpowers/audit-runs/2026-08-14/zone-reports/Z4.review2.md]
tests/integration/test_doc_links.py::test_internal_links_resolve[docs/superpowers/audit-runs/2026-08-14/zone-reports/Z3.review14.md]
tests/integration/test_doc_links.py::test_internal_links_resolve[docs/superpowers/specs/archive/2026-07-09-ci-optimization-design.md]
tests/integration/test_doc_links.py::test_internal_links_resolve[docs/superpowers/audit-runs/2026-08-14/zone-reports/Z3.review9.md]
tests/integration/test_doc_links.py::test_internal_links_resolve[docs/superpowers/specs/archive/2026-07-19-06-llm-context-engineering-design.md]
tests/integration/test_doc_links.py::test_internal_links_resolve[docs/superpowers/plans/archive/2026-06-15-p-1.e-07-docs-config.md]
tests/integration/test_doc_links.py::test_internal_links_resolve[docs/superpowers/specs/2026-08-14-full-project-audit-design.md]
tests/integration/test_doc_links.py::test_internal_links_resolve[docs/roadmap.md]
tests/integration/test_doc_links.py::test_internal_links_resolve[docs/adr/0007-adr-process.md]
tests/integration/test_doc_links.py::test_internal_links_resolve[docs/superpowers/specs/archive/2026-07-17-fix-revision-overwrite-chapter-content-design.md]
tests/integration/test_doc_links.py::test_internal_links_resolve[docs/superpowers/plans/archive/2026-07-02-novel-pipeline-wave3-orchestrators.md]
tests/integration/test_doc_links.py::test_internal_links_resolve[docs/superpowers/specs/archive/2026-07-17-fix-cross-chapter-template-duplication-design.md]
tests/integration/test_doc_links.py::test_internal_links_resolve[docs/superpowers/specs/archive/2026-07-06-pipeline-phase1-defect-fix-design.md]
tests/integration/test_doc_links.py::test_internal_links_resolve[docs/superpowers/specs/archive/2026-06-15-p-1.e-foundation-completion/07-docs-config-drift.md]
tests/integration/test_doc_links.py::test_internal_links_resolve[docs/superpowers/specs/2026-08-14-p2-batch-design.md]
tests/integration/test_doc_links.py::test_internal_links_resolve[docs/superpowers/specs/archive/2026-06-15-p-1.e-foundation-completion/README.md]
tests/integration/test_doc_links.py::test_internal_links_resolve[docs/superpowers/audit-runs/2026-08-15/findings-ledger.md]
tests/integration/test_doc_links.py::test_internal_links_resolve[docs/superpowers/audit-runs/2026-08-14/zone-reports/Z9.md]
tests/integration/test_doc_links.py::test_internal_links_resolve[docs/superpowers/audit-runs/2026-08-14/zone-reports/Z6.review12.md]
tests/integration/test_doc_links.py::test_internal_links_resolve[docs/superpowers/audit-runs/2026-08-14/zone-reports/Z2.review5.md]
tests/integration/test_doc_links.py::test_internal_links_resolve[docs/superpowers/audit-runs/2026-08-14/zone-reports/Z1.review10.md]
tests/integration/test_doc_links.py::test_internal_links_resolve[docs/superpowers/audit-runs/2026-08-14/zone-reports/Z7-b.md]
tests/integration/test_doc_links.py::test_internal_links_resolve[docs/superpowers/specs/archive/2026-07-19-02-output-validation-and-format-enforcement-design.md]
tests/integration/test_doc_links.py::test_internal_links_resolve[docs/superpowers/specs/archive/2026-07-17-fix-static-review-checklist-design.md]
tests/integration/test_doc_links.py::test_internal_links_resolve[docs/superpowers/specs/archive/2026-07-17-improve-pipeline-observability-metrics-design.md]
tests/integration/test_doc_links.py::test_internal_links_resolve[docs/superpowers/audit-runs/2026-08-14/zone-reports/Z6.review9.md]
tests/integration/test_doc_links.py::test_internal_links_resolve[docs/superpowers/audit-runs/2026-08-14/zone-reports/Z2.review12.md]
tests/integration/test_doc_links.py::test_internal_links_resolve[docs/superpowers/specs/archive/2026-07-17-fix-plan-content-mismatch-and-factual-errors-design.md]
tests/integration/test_doc_links.py::test_internal_links_resolve[docs/superpowers/plans/archive/2026-07-07-clean-context-handoff.md]
tests/integration/test_doc_links.py::test_internal_links_resolve[docs/superpowers/specs/archive/2026-06-14-p-1-foundation-hygiene-design.md]
tests/integration/test_doc_links.py::test_internal_links_resolve[docs/superpowers/plans/archive/2026-06-29-contract-single-source-pillar4-tierB.md]
tests/integration/test_doc_links.py::test_internal_links_resolve[docs/superpowers/specs/2026-08-14-stats-determinism-design.md]
tests/integration/test_doc_links.py::test_internal_links_resolve[docs/superpowers/specs/archive/2026-07-17-fix-hook-system-bifurcation-design.md]
tests/integration/test_doc_links.py::test_internal_links_resolve[docs/superpowers/specs/archive/2026-07-19-14-skill-contract-and-description-quality-design.md]
tests/integration/test_doc_links.py::test_internal_links_resolve[docs/superpowers/specs/archive/2026-06-30-contract-enforcement-and-production-wiring-design.md]
tests/integration/test_doc_links.py::test_internal_links_resolve[docs/superpowers/audit-runs/2026-08-14/thread-reports/T5.md]
tests/integration/test_doc_links.py::test_internal_links_resolve[docs/superpowers/audit-runs/2026-08-14/zone-reports/Z4.review16.md]
tests/integration/test_doc_links.py::test_internal_links_resolve[docs/superpowers/specs/2026-08-14-minor-findings-batch-design.md]
tests/integration/test_doc_links.py::test_internal_links_resolve[docs/adr/0003-mypy-basedpyright-dual.md]
tests/integration/test_doc_links.py::test_internal_links_resolve[docs/superpowers/specs/archive/2026-07-19-07-context-persistence-and-linguistic-drift-prevention-design.md]
tests/integration/test_doc_links.py::test_internal_links_resolve[docs/superpowers/specs/archive/2026-07-19-05-semantic-index-population-and-parser-coherence-design.md]
tests/integration/test_doc_links.py::test_internal_links_resolve[command-to-give.md]
tests/integration/test_doc_links.py::test_internal_links_resolve[docs/superpowers/specs/archive/2026-07-17-fix-missing-revision-decisions-design.md]
tests/integration/test_doc_links.py::test_internal_links_resolve[docs/superpowers/audit-runs/2026-08-14/zone-reports/Z1.review2.md]
tests/unit/text/test_cjk.py::test_multiple_terms
tests/unit/text/test_cjk.py::test_substring_match_semantics
tests/unit/text/test_cjk.py::test_numbers_in_mixed
tests/unit/text/test_cjk.py::test_mixed_ge_cjk_only
tests/unit/text/test_cjk.py::test_multiple_dashes
tests/unit/text/test_cjk.py::test_not_found
tests/unit/text/test_cjk.py::test_ellipsis_counted_once
tests/unit/text/test_cjk.py::test_domain_dict_prevents_split
tests/unit/text/test_cjk.py::test_sensitive_word_embedded_in_chinese
tests/unit/text/test_cjk.py::test_tokenize_returns_tokens
tests/unit/text/test_cjk.py::test_positions
tests/unit/text/test_cjk.py::test_empty_words
tests/unit/text/test_cjk.py::test_tokenize_preserves_chars
tests/unit/text/test_cjk.py::test_single_char_punct
tests/unit/text/test_cjk.py::test_no_punctuation
tests/unit/text/test_cjk.py::test_empty_text
tests/unit/text/test_cjk.py::test_tokenize_frozen_baseline
tests/unit/text/test_cjk.py::test_dash_counted_once
tests/unit/text/test_cjk.py::test_mixed_includes_english
tests/unit/text/test_cjk.py::test_cjk_only_pure_chinese
tests/unit/text/test_cjk.py::test_tokenize_empty
tests/unit/text/test_cjk.py::test_term_at_boundary
tests/unit/text/test_cjk.py::test_cjk_only_drops_english
tests/unit/pipeline/test_triggers.py::TestTriggerSteps::test_volume_expansion_skills_present
tests/unit/pipeline/test_triggers.py::TestTriggerSteps::test_style_learning_position_in_volume_block
tests/unit/pipeline/test_triggers.py::TestTriggerSteps::test_genre_config_step_present
tests/unit/pipeline/test_triggers.py::TestTriggerSteps::test_arc_style_learning_suppressed_at_volume_boundary
tests/unit/pipeline/test_triggers.py::TestTriggerSteps::test_arc_steps_present
tests/unit/pipeline/test_triggers.py::TestTriggerSteps::test_volume_steps_present
tests/unit/pipeline/test_triggers.py::TestTriggerSteps::test_empty_result_no_steps
tests/unit/pipeline/test_triggers.py::TestCheckTriggersStratum::test_ch12_not_stratum
tests/unit/pipeline/test_triggers.py::TestCheckTriggersStratum::test_ch36_l4
tests/unit/pipeline/test_triggers.py::TestCheckTriggersStratum::test_ch36_score_stratum
tests/unit/pipeline/test_triggers.py::TestCheckTriggersStratum::test_ch36_also_arc
tests/unit/pipeline/test_triggers.py::TestWriteOrderI14::test_l2_before_arc
tests/unit/pipeline/test_triggers.py::TestWriteOrderI14::test_l4_before_stratum
tests/unit/pipeline/test_triggers.py::TestTriggerStepDataclass::test_defaults
tests/unit/pipeline/test_triggers.py::TestTotalChaptersRecompute::test_update_total_chapters_updates_novel_json
tests/unit/pipeline/test_triggers.py::TestTotalChaptersRecompute::test_update_total_chapters_no_boundaries_no_write
tests/unit/pipeline/test_triggers.py::TestTriggerResultDefaults::test_all_false_by_default
tests/unit/pipeline/test_triggers.py::TestTriggerResultDefaults::test_any_returns_true_if_any_flag_set
tests/unit/pipeline/test_triggers.py::TestConstants::test_drift_threshold
tests/unit/pipeline/test_triggers.py::TestConstants::test_trigger_steps_table_not_empty
tests/unit/pipeline/test_triggers.py::TestConstants::test_stratum_interval
tests/unit/pipeline/test_triggers.py::TestConstants::test_style_interval
tests/unit/pipeline/test_triggers.py::TestRunTriggeredSkills::test_volume_boundary_checkpoint
tests/unit/pipeline/test_triggers.py::TestRunTriggeredSkills::test_volume_snapshot_pending_clears_after_review
tests/unit/pipeline/test_triggers.py::TestRunTriggeredSkills::test_g4_failure_returns_false
tests/unit/pipeline/test_triggers.py::TestRunTriggeredSkills::test_g3_for_scoring_skills
tests/unit/pipeline/test_triggers.py::TestRunTriggeredSkills::test_dispatch_failure_returns_false
tests/unit/pipeline/test_triggers.py::TestRunTriggeredSkills::test_executes_all_arc_steps
tests/unit/pipeline/test_triggers.py::TestRunTriggeredSkills::test_no_triggers_no_dispatch
tests/unit/pipeline/test_triggers.py::TestRunTriggeredSkills::test_no_checkpoint_for_non_volume
tests/unit/pipeline/test_triggers.py::TestReadVolumeBoundaries::test_is_volume_boundary_direct
tests/unit/pipeline/test_triggers.py::TestReadVolumeBoundaries::test_parse_markdown_sections
tests/unit/pipeline/test_triggers.py::TestReadVolumeBoundaries::test_missing_file_returns_empty
tests/unit/pipeline/test_triggers.py::TestCheckTriggersVolumeBoundary::test_volume_boundary_detected
tests/unit/pipeline/test_triggers.py::TestCheckTriggersVolumeBoundary::test_not_volume_boundary
tests/unit/pipeline/test_triggers.py::TestCheckTriggersVolumeBoundary::test_no_volume_map_no_boundary
tests/unit/pipeline/test_triggers.py::TestCheckTriggersVolumeBoundary::test_second_volume_boundary
tests/unit/pipeline/test_triggers.py::TestGenreConfigDrift::test_drift_below_threshold
tests/unit/pipeline/test_triggers.py::TestGenreConfigDrift::test_drift_different_warnings_dont_count
tests/unit/pipeline/test_triggers.py::TestGenreConfigDrift::test_check_genre_config_drift_direct
tests/unit/pipeline/test_triggers.py::TestGenreConfigDrift::test_drift_disabled_by_config
tests/unit/pipeline/test_triggers.py::TestGenreConfigDrift::test_no_drift_file
tests/unit/pipeline/test_triggers.py::TestGenreConfigDrift::test_drift_at_threshold
tests/unit/pipeline/test_triggers.py::TestCheckTriggersArc::test_ch12_l2
tests/unit/pipeline/test_triggers.py::TestCheckTriggersArc::test_ch24_also_l2
tests/unit/pipeline/test_triggers.py::TestCheckTriggersArc::test_ch11_no_arc_triggers
tests/unit/pipeline/test_triggers.py::TestCheckTriggersArc::test_ch12_not_l4
tests/unit/pipeline/test_triggers.py::TestCheckTriggersArc::test_ch12_score_arc
tests/unit/pipeline/test_triggers.py::TestCheckTriggersClosure::test_last_chapter_closure
tests/unit/pipeline/test_triggers.py::TestCheckTriggersClosure::test_past_last_chapter
tests/unit/pipeline/test_triggers.py::TestCheckTriggersClosure::test_not_last_chapter
tests/pipeline/test_dispatch_helper_cap_raise.py::test_content_filter_is_hard_fail
tests/pipeline/test_dispatch_helper_cap_raise.py::test_cap_raise_capped_at_model_ceiling
tests/pipeline/test_dispatch_helper_cap_raise.py::test_length_truncation_triggers_cap_raise_resend
tests/pipeline/test_dispatch_helper_cap_raise.py::test_cap_raise_persistent_length_fail_fast
tests/unit/gates/g4/test_decisions_validator.py::test_budget_comparison_detects_copy
tests/unit/gates/g4/test_decisions_validator.py::test_budget_comparison_passes_different_budgets
tests/unit/gates/g4/test_decisions_validator.py::test_budget_comparison_skips_when_prev_missing
tests/unit/gates/test_g1_backup.py::test_module_constant_equals_derived
tests/unit/gates/test_g1_backup.py::test_derive_includes_truth_updaters
tests/unit/gates/test_g1_backup.py::test_derive_excludes_world_only_updaters
tests/unit/test_dispatcher_executor.py::test_derive_files_delegate_to_contract_loader
tests/unit/test_dispatcher_executor.py::test_derive_file_type_returns_decisions_for_context_composing_after_migration
tests/unit/test_dispatcher_executor.py::test_derive_files_read_real_migrated_skill_contract
tests/unit/test_dispatcher_executor.py::test_derive_input_files_with_chapter_resolution
tests/unit/test_dispatcher_executor.py::test_generate_agent_id_contains_round_dir_name
tests/unit/test_dispatcher_executor.py::test_derive_file_type_returns_truth_for_foreshadowing_resolve
tests/unit/test_dispatcher_executor.py::test_detect_mode_returns_internal_with_env_var
tests/unit/test_dispatcher_executor.py::test_derive_file_type_defaults_to_chapter_for_unknown
tests/unit/test_dispatcher_executor.py::test_derive_file_type_returns_report_for_report_kind_skill
tests/unit/test_dispatcher_executor.py::test_section_path_not_corrupted
tests/unit/test_dispatcher_executor.py::test_derive_files_empty_when_skill_has_no_contract
tests/unit/test_dispatcher_executor.py::test_dispatch_returns_0_on_success
tests/unit/test_dispatcher_executor.py::test_detect_mode_returns_internal_by_default
tests/unit/test_dispatcher_executor.py::test_derive_file_type_returns_chapter_for_ephemeral_skill
tests/unit/test_dispatcher_executor.py::test_derive_file_type_returns_decisions_for_chapter_drafting_after_migration
tests/unit/test_dispatcher_executor.py::test_run_g2_returns_parsed_dict
tests/unit/test_dispatcher_executor.py::test_derive_file_type_returns_decisions_for_drafting
tests/unit/test_dispatcher_executor.py::test_derive_file_type_returns_truth_for_state_settling
tests/unit/test_dispatcher_executor.py::test_generate_agent_id_is_unique
tests/unit/test_dispatcher_executor.py::test_detect_mode_returns_internal_fallback
tests/unit/test_dispatcher_executor.py::test_run_g1_returns_parsed_dict
tests/unit/test_dispatcher_executor.py::test_derive_input_files_filter_empty_sentinels
tests/pipeline/test_trigger_context.py::test_run_triggered_skills_wires_context_and_g4_paths
tests/pipeline/test_trigger_context.py::test_audit_watch_paths_per_family
tests/pipeline/test_trigger_context.py::test_derive_output_files_per_family
tests/pipeline/test_trigger_context.py::test_derive_input_files_per_family
tests/pipeline/test_trigger_context.py::test_trigger_flow_prompt_lists_arc5_paths
tests/pipeline/test_volume_map_cn.py::test_cn_boundaries_exact_set_on_real_fixture
tests/pipeline/test_volume_map_cn.py::test_kr_subranges_excluded_negative_acceptance
tests/pipeline/test_volume_map_cn.py::test_english_formats_regression
tests/pipeline/test_volume_map_cn.py::test_cn_boundaries_via_project_layout
tests/unit/pipeline/test_staging_commit.py::TestStagingAutoCommit::test_chapter_memo_auto_commit
tests/unit/pipeline/test_staging_commit.py::TestStagingAutoCommit::test_staging_missing_file_logs_warning
tests/unit/pipeline/test_staging_commit.py::TestDispatchUsesStaging::test_build_skill_prompt_prefixes_staging
tests/property/cjk/test_g612_embedded_properties.py::test_find_terms_detects_embedded_cjk
tests/property/cjk/test_g612_embedded_properties.py::test_find_terms_hit_position_correct
tests/property/cjk/test_g612_embedded_properties.py::test_old_word_boundary_regex_fails_on_embedded
tests/unit/pipeline/test_error_handler.py::TestConstants::test_max_audit_retries_is_three
tests/unit/pipeline/test_error_handler.py::TestConstants::test_max_dispatch_retries_is_two
tests/unit/pipeline/test_error_handler.py::TestHandleAuditBlocking::test_respects_configured_max_audit_retries
tests/unit/pipeline/test_error_handler.py::TestHandleAuditBlocking::test_one_revision_allows_retry
tests/unit/pipeline/test_error_handler.py::TestHandleAuditBlocking::test_two_revisions_allows_retry
tests/unit/pipeline/test_error_handler.py::TestHandleAuditBlocking::test_zero_revisions_allows_retry
tests/unit/pipeline/test_error_handler.py::TestHandleAuditBlocking::test_three_revisions_escalates
tests/unit/pipeline/test_error_handler.py::TestBriefVerbatim::test_first_failure_allows_retry
tests/unit/pipeline/test_error_handler.py::TestBriefVerbatim::test_third_failure_escalates
tests/unit/pipeline/test_error_handler.py::TestHandleStateSettleFailure::test_raises_escalation_checkpoint
tests/unit/pipeline/test_error_handler.py::TestHandleStateSettleFailure::test_phase_stays_chapter_loop
tests/unit/pipeline/test_error_handler.py::TestHandleStateSettleFailure::test_overwrites_existing_chapter_status
tests/unit/pipeline/test_error_handler.py::TestHandleStateSettleFailure::test_creates_chapter_state_if_missing
tests/unit/pipeline/test_error_handler.py::TestHandleStateSettleFailure::test_marks_chapter_status_settling_failed
tests/unit/pipeline/test_error_handler.py::TestHandleScoringFailure::test_exit_code_1_no_retry
tests/unit/pipeline/test_error_handler.py::TestHandleScoringFailure::test_exit_code_3_allows_retry
tests/unit/pipeline/test_error_handler.py::TestHandleScoringFailure::test_negative_exit_code_no_retry
tests/unit/pipeline/test_error_handler.py::TestHandleScoringFailure::test_exit_code_2_allows_retry
tests/unit/pipeline/test_error_handler.py::TestHandleScoringFailure::test_exit_code_0_no_retry
tests/unit/pipeline/test_error_handler.py::TestHandleDispatchFailure::test_fourth_attempt_escalates
tests/unit/pipeline/test_error_handler.py::TestHandleDispatchFailure::test_first_attempt_retries
tests/unit/pipeline/test_error_handler.py::TestHandleDispatchFailure::test_second_attempt_retries
tests/unit/pipeline/test_error_handler.py::TestHandleDispatchFailure::test_respects_configured_max_revision_retries
tests/unit/pipeline/test_error_handler.py::TestHandleDispatchFailure::test_third_attempt_escalates
tests/unit/pipeline/test_revision_decisions_fallback.py::test_fallback_only_creates_when_revision_was_routed
tests/unit/pipeline/test_revision_decisions_fallback.py::test_fallback_generates_decisionsdoc_compliant_file_when_missing
tests/unit/pipeline/test_revision_decisions_fallback.py::test_fallback_does_not_overwrite_existing
tests/unit/trace/test_replay.py::test_replay_returns_chained_events
tests/unit/trace/test_replay.py::test_replay_truncates_torn_tail
tests/unit/trace/test_replay.py::test_replay_drops_bad_signature
tests/unit/pipeline/test_audit_layer.py::TestGetActiveBoundaryAudits::test_chapter_24_both
tests/unit/pipeline/test_audit_layer.py::TestGetActiveBoundaryAudits::test_chapter_48_both
tests/unit/pipeline/test_audit_layer.py::TestGetActiveBoundaryAudits::test_chapter_1_nothing
tests/unit/pipeline/test_audit_layer.py::TestGetActiveBoundaryAudits::test_chapter_5_nothing
tests/unit/pipeline/test_audit_layer.py::TestGetActiveBoundaryAudits::test_chapter_23_nothing
tests/unit/pipeline/test_audit_layer.py::TestGetActiveBoundaryAudits::test_chapter_6_pattern
tests/unit/pipeline/test_audit_layer.py::TestBoundaryTriggers::test_long_span_24
tests/unit/pipeline/test_audit_layer.py::TestBoundaryTriggers::test_all_4_boundary_skills
tests/unit/pipeline/test_audit_layer.py::TestBoundaryTriggers::test_long_span_48
tests/unit/pipeline/test_audit_layer.py::TestBoundaryTriggers::test_chapter_pattern_5
tests/unit/pipeline/test_audit_layer.py::TestBoundaryTriggers::test_spinoff_disabled_by_default
tests/unit/pipeline/test_audit_layer.py::TestBoundaryTriggers::test_chapter_pattern_12
tests/unit/pipeline/test_audit_layer.py::TestBoundaryTriggers::test_long_span_23
tests/unit/pipeline/test_audit_layer.py::TestBoundaryTriggers::test_arc_payoff_disabled_by_default
tests/unit/pipeline/test_audit_layer.py::TestBoundaryTriggers::test_chapter_pattern_6
tests/unit/pipeline/test_audit_layer.py::TestAuditRelativePath::test_chapter_pattern_skill
tests/unit/pipeline/test_audit_layer.py::TestAuditRelativePath::test_review_skill_strips_prefix
tests/unit/pipeline/test_audit_layer.py::TestAuditRelativePath::test_review_long_span
tests/unit/pipeline/test_audit_layer.py::TestActivationMatrix::test_all_values_are_shenbi_review
tests/unit/pipeline/test_audit_layer.py::TestActivationMatrix::test_all_9_genre_skills_mapped
tests/unit/pipeline/test_audit_layer.py::TestActivationMatrix::test_era_maps_to_review_era
tests/unit/pipeline/test_audit_layer.py::TestActivationMatrix::test_world_rules_key
tests/unit/pipeline/test_audit_layer.py::TestActivationMatrix::test_highpoint_key
tests/unit/pipeline/test_audit_layer.py::TestActivationMatrix::test_sensitivity_maps
tests/unit/pipeline/test_audit_layer.py::TestAuditResultDefaults::test_defaults
tests/unit/pipeline/test_audit_layer.py::TestRunAuditLayerNoActive::test_no_active_audits_clean
tests/unit/pipeline/test_audit_layer.py::TestGenreActivationCamelCase::test_non_dict_audit_dims_returns_empty
tests/unit/pipeline/test_audit_layer.py::TestGenreActivationCamelCase::test_core_circle_keys_not_in_genre_circle
tests/unit/pipeline/test_audit_layer.py::TestGenreActivationCamelCase::test_snake_case_fallback_works
tests/unit/pipeline/test_audit_layer.py::TestGenreActivationCamelCase::test_real_fixture_activates_audits
tests/unit/pipeline/test_audit_layer.py::TestGenreActivationCamelCase::test_missing_key_returns_empty
tests/unit/pipeline/test_audit_layer.py::TestGenreActivationCamelCase::test_motivation_and_dialogue_camelcase
tests/unit/pipeline/test_audit_layer.py::TestGenreActivationCamelCase::test_camelcase_audit_dimensions_read
tests/unit/pipeline/test_audit_layer.py::TestGetActiveGenreAudits::test_all_active
tests/unit/pipeline/test_audit_layer.py::TestGetActiveGenreAudits::test_no_audit_dimensions_key
tests/unit/pipeline/test_audit_layer.py::TestGetActiveGenreAudits::test_subset_active
tests/unit/pipeline/test_audit_layer.py::TestGetActiveGenreAudits::test_empty_config_returns_empty
tests/unit/pipeline/test_audit_layer.py::TestGetActiveGenreAudits::test_false_values_excluded
tests/unit/pipeline/test_audit_layer.py::TestGetActiveGenreAudits::test_non_dict_audit_dimensions
tests/unit/pipeline/test_audit_layer.py::TestRunAuditLayer::test_blocking_in_content_sets_flag
tests/unit/pipeline/test_audit_layer.py::TestRunAuditLayer::test_genre_audit_pass
tests/unit/pipeline/test_audit_layer.py::TestRunAuditLayer::test_dispatch_failure_records_blocking
tests/unit/pipeline/test_audit_layer.py::TestRunAuditLayer::test_g4_failure_records_blocking
tests/unit/pipeline/test_audit_layer.py::TestRunAuditLayer::test_boundary_only_no_genre_config
tests/unit/pipeline/test_audit_layer.py::TestRunAuditLayer::test_missing_audit_file_no_crash
tests/unit/pipeline/test_audit_layer.py::TestRunAuditLayer::test_passes_correct_prompt
tests/unit/pipeline/test_audit_layer.py::TestRunAuditLayer::test_genre_and_boundary_combined
tests/unit/pipeline/test_audit_layer.py::TestRunAuditLayer::test_critical_in_content_sets_flag
tests/unit/skill_utils/test_drift_detection.py::test_smooth_3_point_window
tests/unit/skill_utils/test_drift_detection.py::test_chapter_drift_stable_series_no_trigger
tests/unit/skill_utils/test_drift_detection.py::test_main_cli_no_findings_exits_zero
tests/unit/skill_utils/test_drift_detection.py::test_main_cli_findings_exit_nonzero_and_audit
tests/unit/skill_utils/test_drift_detection.py::test_smooth_single_element
tests/unit/skill_utils/test_drift_detection.py::test_chapter_drift_human_overridden_excluded
tests/unit/skill_utils/test_drift_detection.py::test_parse_resonance_trend_excludes_overridden
tests/unit/skill_utils/test_drift_detection.py::test_chapter_drift_sigma_requires_min_samples
tests/unit/skill_utils/test_drift_detection.py::test_volume_drift_two_volume_decline_triggers
tests/unit/skill_utils/test_drift_detection.py::test_chapter_drift_below_mean_2sigma_triggers
tests/unit/skill_utils/test_drift_detection.py::test_smooth_empty
tests/unit/skill_utils/test_drift_detection.py::test_parse_skips_pending_rows
tests/unit/skill_utils/test_drift_detection.py::test_chapter_drift_monotonic_decline_triggers
tests/unit/skill_utils/test_drift_detection.py::test_smooth_boundary_2_point
tests/unit/pipeline/test_cli.py::TestVerifyTruthIntegrity::test_genesis_phase_missing_all
tests/unit/pipeline/test_cli.py::TestVerifyTruthIntegrity::test_chapter_loop_finds_missing_genesis_outputs
tests/unit/pipeline/test_cli.py::TestVerifyTruthIntegrity::test_existing_core_dirs_pass
tests/unit/pipeline/test_cli.py::TestVerifyTruthIntegrity::test_phase_none_returns_empty
tests/unit/pipeline/test_cli.py::TestVerifyTruthIntegrity::test_chapter_loop_with_genesis_outputs_passes
tests/unit/pipeline/test_cli.py::TestVerifyTruthIntegrity::test_genesis_phase_checks_core_dirs
tests/unit/pipeline/test_cli.py::TestNextCommand::test_next_loops_genesis_to_checkpoint
tests/unit/pipeline/test_cli.py::TestNextCommand::test_next_missing_project
tests/unit/pipeline/test_cli.py::TestNextCommand::test_next_loops_closure_to_book_closure_checkpoint
tests/unit/pipeline/test_cli.py::TestNextCommand::test_volume_boundary_checkpoint_preserved_with_book_closure
tests/unit/pipeline/test_cli.py::TestNextCommand::test_next_blocked_at_checkpoint
tests/unit/pipeline/test_cli.py::TestStatusCommand::test_status_returns_json
tests/unit/pipeline/test_cli.py::TestStatusCommand::test_status_missing_project
tests/unit/pipeline/test_cli.py::TestReviewCommand::test_review_missing_project
tests/unit/pipeline/test_cli.py::TestReviewCommand::test_review_with_feedback
tests/unit/pipeline/test_cli.py::TestReviewCommand::test_review_approve_commits_staging
tests/unit/pipeline/test_cli.py::TestReviewCommand::test_review_approve_with_checkpoint
tests/unit/pipeline/test_cli.py::TestReviewCommand::test_review_approve_without_checkpoint_fails
tests/unit/pipeline/test_cli.py::TestReDispatch::test_derived_truth_map_has_state_settle
tests/unit/pipeline/test_cli.py::TestReDispatch::test_pending_re_dispatches_serde_roundtrip
tests/unit/pipeline/test_cli.py::TestReDispatch::test_unknown_checkpoint_no_ops
tests/unit/pipeline/test_cli.py::TestReDispatch::test_queue_re_dispatches_adds_to_state
tests/unit/pipeline/test_cli.py::TestReDispatch::test_execute_empty_no_ops
tests/unit/pipeline/test_cli.py::TestReDispatch::test_queue_re_dispatches_avoids_duplicates
tests/unit/pipeline/test_cli.py::TestReDispatch::test_derived_truth_map_has_chapter_memo
tests/unit/pipeline/test_cli.py::TestRollbackCommand::test_rollback_not_implemented
tests/unit/pipeline/test_cli.py::TestModifyDecision::test_modify_chapter_memo_rolls_back_step_index
tests/unit/pipeline/test_cli.py::TestModifyDecision::test_modify_injects_feedback_into_dispatch_prompt
tests/unit/pipeline/test_cli.py::TestInitCommand::test_init_writes_genre_config
tests/unit/pipeline/test_cli.py::TestInitCommand::test_init_creates_project
tests/unit/pipeline/test_cli.py::TestInitCommand::test_init_idempotent_accepts_existing
tests/unit/pipeline/test_cli.py::TestInitCommand::test_init_emits_total_chapters_unknown
tests/unit/pipeline/test_cli.py::TestInitCommand::test_init_auto_flag_disables_review_checkpoints
tests/unit/pipeline/test_cli.py::TestUpdateTotalChapters::test_update_from_volume_map_end_pattern
tests/unit/pipeline/test_cli.py::TestUpdateTotalChapters::test_update_from_chapter_range
tests/unit/pipeline/test_cli.py::TestUpdateTotalChapters::test_no_volume_map_returns_zero
tests/unit/pipeline/test_cli.py::TestChaptersCommand::test_chapters_empty_after_init
tests/unit/pipeline/test_cli.py::TestChaptersCommand::test_chapters_missing_project
tests/unit/pipeline/test_cli.py::TestResumeCommand::test_book_closure_resume_runs_snapshot
tests/unit/pipeline/test_cli.py::TestResumeCommand::test_resume_transitions_after_genesis_approve
tests/property/trace/test_chain_invariants.py::test_tamper_any_field_breaks_chain
tests/property/trace/test_chain_invariants.py::test_chain_always_verifies
tests/pipeline/test_parallel_dispatch_backoff.py::test_jitter_same_magnitude_as_base
tests/unit/pipeline/test_state_concurrency.py::TestInstanceLock::test_lock_is_instance_attribute
tests/unit/pipeline/test_state_concurrency.py::TestInstanceLock::test_lock_is_not_class_attribute
tests/unit/pipeline/test_state_concurrency.py::TestInstanceLock::test_lock_is_a_threading_lock
tests/unit/pipeline/test_state_concurrency.py::TestConcurrentAddStepDone::test_add_step_done_is_idempotent
tests/unit/pipeline/test_state_concurrency.py::TestConcurrentAddStepDone::test_eight_concurrent_appends_all_recorded
tests/unit/pipeline/test_state_concurrency.py::TestConcurrentRetryCounter::test_eight_concurrent_increments
tests/unit/pipeline/test_state_concurrency.py::TestConcurrentRetryCounter::test_reset_retry_clears_count
tests/unit/contracts/test_scoring_contracts.py::test_rejects_pass_exceeds_total
tests/unit/contracts/test_scoring_contracts.py::test_computed_fields_in_model_dump
tests/unit/contracts/test_scoring_contracts.py::test_boundary_exactly_90_passes
tests/unit/contracts/test_scoring_contracts.py::test_registry_includes_scoring_skills
tests/unit/contracts/test_scoring_contracts.py::test_all_pass_perfect_score
tests/unit/contracts/test_scoring_contracts.py::test_thresholds_explicit
tests/unit/contracts/test_scoring_contracts.py::test_just_below_90_fails
tests/unit/contracts/test_scoring_contracts.py::test_aggregation_formula_declared
tests/unit/contracts/test_scoring_contracts.py::test_hard_binary_fail_blocks_pass
tests/property/cjk/test_cjk_properties.py::test_mixed_ge_cjk_only
tests/property/cjk/test_cjk_properties.py::test_find_terms_substring_found
tests/property/cjk/test_cjk_properties.py::test_count_words_non_negative
tests/property/cjk/test_cjk_properties.py::test_punctuation_matches_all_tokens
tests/unit/gates/g4/test_state_settling.py::test_state_settling_skill_mentions_arc_log
tests/unit/gates/g4/test_state_settling.py::test_passes_when_emotional_arcs_has_chapter_headings
tests/unit/gates/g4/test_state_settling.py::test_passes_when_chapter_summaries_has_chapter_headings
tests/unit/gates/g4/test_state_settling.py::test_state_settling_character_matrix_protection
tests/unit/gates/g4/test_state_settling.py::test_state_settling_skill_mentions_character_matrix
tests/unit/gates/g4/test_state_settling.py::test_passes_when_current_state_has_position
tests/unit/gates/g4/test_state_settling.py::test_passes_when_particle_ledger_has_particle_section
tests/unit/gates/g4/test_state_settling.py::test_fails_when_file_not_found
tests/unit/gates/g4/test_state_settling.py::test_character_matrix_template_has_slug_column
tests/unit/gates/g4/test_state_settling.py::test_passes_when_character_matrix_has_chars
tests/unit/gates/g4/test_state_settling.py::test_fails_when_pending_hooks_missing_state_keyword
tests/unit/gates/g4/test_state_settling.py::test_fails_when_character_matrix_missing_chars
tests/unit/gates/g4/test_state_settling.py::test_skips_on_empty_fps
tests/unit/gates/g4/test_state_settling.py::test_fails_when_current_state_missing_position
tests/unit/gates/g4/test_state_settling.py::test_passes_when_all_conditions_met
tests/unit/contracts/test_pacing_design_contract.py::test_registry_includes_pacing_design
tests/unit/contracts/test_pacing_design_contract.py::test_from_markdown_parses_beats
tests/unit/contracts/test_pacing_design_contract.py::test_missing_line_fails
tests/unit/contracts/test_pacing_design_contract.py::test_constellation_out_of_range_fails
tests/unit/contracts/test_pacing_design_contract.py::test_three_consecutive_same_fails
tests/unit/contracts/test_pacing_design_contract.py::test_valid_config_passes
tests/unit/contracts/test_pacing_design_contract.py::test_missing_beat_fails
tests/unit/contracts/test_pacing_design_contract.py::test_beat_sum_not_100_fails
tests/unit/contracts/test_pacing_design_contract.py::test_wrong_scene_type_count_fails
tests/unit/pipeline/test_dispatch_write_semantics.py::TestNoOpSkipWrite::test_skip_write_paths_not_written
tests/unit/pipeline/test_dispatch_write_semantics.py::TestAppendDedupNotRoutedInDispatch::test_append_dedup_truth_file_is_written_whole_not_upserted
tests/unit/pipeline/test_dispatch_write_semantics.py::TestCreateOrOverwrite::test_default_mode_overwrites
tests/unit/skill_utils/test_foreshadowing_recall.py::test_resolved_hooks_excluded
tests/unit/skill_utils/test_foreshadowing_recall.py::test_overdue_hook_returned
tests/unit/skill_utils/test_foreshadowing_recall.py::test_non_overdue_hooks_excluded
tests/unit/skill_utils/test_foreshadowing_recall.py::test_empty_hooks_returns_empty
tests/unit/skill_utils/test_foreshadowing_recall.py::test_multiple_overdue_returned
tests/unit/skill_utils/test_foreshadowing_recall.py::test_hook_without_max_distance_skipped
tests/unit/orchestration/test_bridges.py::test_check_single_scorer_collapse_detects_all_95
tests/unit/orchestration/test_bridges.py::test_parse_resonance_scores_extracts_overall
tests/unit/orchestration/test_bridges.py::test_validate_dual_scorer_flags_dispute
tests/pipeline/test_path_context.py::test_parse_drops_path_traversal_values
tests/pipeline/test_path_context.py::test_non_int_chapter_sentinel_is_ignored_at_derive
tests/pipeline/test_path_context.py::test_parse_absent_returns_none
tests/pipeline/test_path_context.py::test_hardening_backreference_and_mixed_placeholders
tests/pipeline/test_path_context.py::test_parse_multiple_context_lines_first_wins
tests/pipeline/test_path_context.py::test_format_empty_context_returns_empty_string
tests/pipeline/test_path_context.py::test_str_sentinels
tests/pipeline/test_path_context.py::test_no_ctx_falls_back_to_chapter_semantics
tests/pipeline/test_path_context.py::test_stratum_and_volume_families
tests/pipeline/test_path_context.py::test_volume_count_is_not_len_boundaries
tests/pipeline/test_path_context.py::test_arc_family_uses_arc_not_chapter
tests/pipeline/test_path_context.py::test_chapter_family_and_bare_nnn_fallback
tests/pipeline/test_path_context.py::test_roundtrip_format_parse
tests/pipeline/test_path_context.py::test_hardening_superscript_digits_not_int
tests/pipeline/test_path_context.py::test_no_ctx_unresolved_raises
tests/pipeline/test_crash_recovery.py::TestEmergencyCleanup::test_saves_pipeline_state
tests/pipeline/test_crash_recovery.py::TestEmergencyCleanup::test_cleanup_failure_does_not_prevent_exit
tests/pipeline/test_crash_recovery.py::TestShutdownFlag::test_initially_false
tests/pipeline/test_crash_recovery.py::TestShutdownFlag::test_set_on_signal
tests/pipeline/test_crash_recovery.py::TestSignalHandlers::test_registers_sigterm_and_sigint
tests/pipeline/test_crash_recovery.py::TestSignalHandlers::test_check_emergency_flag_clears_and_cleans
tests/pipeline/test_crash_recovery.py::TestSignalHandlers::test_emergency_cleanup_with_mock_state
tests/pipeline/test_crash_recovery.py::TestSignalHandlers::test_emergency_cleanup_noop_with_empty_state
tests/pipeline/test_crash_recovery.py::TestSignalHandlers::test_snapshot_chapter_zero_returns_early
tests/pipeline/test_crash_recovery.py::TestSignalHandlers::test_emergency_cleanup_handles_save_failure
tests/pipeline/test_crash_recovery.py::TestSignalHandlers::test_check_emergency_flag_noop_when_flag_false
tests/pipeline/test_crash_recovery.py::TestSignalHandlers::test_registers_atexit
tests/pipeline/test_crash_recovery.py::TestSignalHandlers::test_handle_emergency_signal_sets_flags
tests/pipeline/test_crash_recovery.py::TestSignalHandlers::test_handle_emergency_signal_restores_default
tests/pipeline/test_crash_recovery.py::TestSignalHandlers::test_emergency_cleanup_noop_without_project_dir
tests/pipeline/test_crash_recovery.py::TestResetEmergencyState::test_clears_emergency_state_dict
tests/pipeline/test_crash_recovery.py::TestResetEmergencyState::test_resets_emergency_flag
tests/pipeline/test_crash_recovery.py::TestResetEmergencyState::test_resets_shutdown_flag
tests/pipeline/test_crash_recovery.py::TestResetEmergencyState::test_restores_signal_handlers
tests/pipeline/test_review_reject.py::test_reject_volume_boundary_rearms_trigger_fanout
tests/pipeline/test_review_reject.py::test_orchestrate_captures_retry_exhausted
tests/pipeline/test_review_reject.py::test_reject_escalation_resets_retry_budget
tests/pipeline/test_review_reject.py::test_parallel_review_required_defers_to_checkpoint
tests/pipeline/test_review_reject.py::test_reject_genesis_complete_rolls_back_cursor
tests/pipeline/test_review_reject.py::test_reject_cursor_rollback_chapter_memo_and_state_settle
tests/pipeline/test_review_reject.py::test_parallel_auto_mode_commits_staging_no_checkpoint
tests/pipeline/test_review_reject.py::test_modify_per_chapter_also_queues_revision
tests/pipeline/test_review_reject.py::test_cmd_review_reject_wired
tests/pipeline/test_review_reject.py::test_f304_checkpoint_carries_chapter_and_reject_resets
tests/pipeline/test_review_checklist.py::test_generate_chapter_delta_extracts_hooks
tests/pipeline/test_review_checklist.py::test_get_checklist_merges_template_and_delta
tests/unit/phase_runner/test_run_gate_uses_cli_module.py::TestRunGateTarget::test_returns_parsed_json_on_success
tests/unit/phase_runner/test_run_gate_uses_cli_module.py::TestRunGateTarget::test_returns_fail_dict_on_oserror
tests/unit/phase_runner/test_run_gate_uses_cli_module.py::TestRunGateTarget::test_calls_gates_cli_module_not_validate_gate_py
tests/pipeline/test_audit_context_cache.py::test_shared_context_fields_are_injectable
tests/pipeline/test_audit_context_cache.py::test_build_shared_context_extracts_chapter_fields
tests/pipeline/test_audit_context_cache.py::test_shared_context_reduces_repeated_io
tests/unit/gates/g4/test_character_design.py::test_archetype_validation_fails_when_traits_borrowed_insufficient
tests/unit/gates/g4/test_character_design.py::test_fails_when_major_chars_dir_missing
tests/unit/gates/g4/test_character_design.py::test_skill_md_declares_major_and_minor_writes
tests/unit/gates/g4/test_character_design.py::test_fails_when_voice_profile_array_below_minimum
tests/unit/gates/g4/test_character_design.py::test_skill_md_includes_archetype_sources_requirement
tests/unit/gates/g4/test_character_design.py::test_g4_character_design_fails_when_too_few_major
tests/unit/gates/g4/test_character_design.py::test_skill_md_has_iron_law_for_named_characters
tests/unit/gates/g4/test_character_design.py::test_g4_character_design_minor_count_pass
tests/unit/gates/g4/test_character_design.py::test_skill_md_has_four_explicit_phases
tests/unit/gates/g4/test_character_design.py::test_g4_character_design_major_count_pass
tests/unit/gates/g4/test_character_design.py::test_archetype_validation_passes_with_valid_archetype
tests/unit/gates/g4/test_character_design.py::test_fails_when_major_chars_dir_has_fewer_than_three
tests/unit/gates/g4/test_character_design.py::test_passes_when_relationships_has_three_pairs_and_major_chars
tests/unit/gates/g4/test_character_design.py::test_fails_when_protagonist_frontmatter_is_invalid_yaml
tests/unit/gates/g4/test_character_design.py::test_fails_when_protagonist_missing_required_field
tests/pipeline/test_state_machine_heal.py::TestValidateStateConsistency::test_no_issues_for_step_index_at_boundary
tests/pipeline/test_state_machine_heal.py::TestValidateStateConsistency::test_passes_consistent_state
tests/pipeline/test_state_machine_heal.py::TestValidateStateConsistency::test_detects_and_heals_corrupt_state
tests/pipeline/test_state_machine_heal.py::TestValidateStateConsistency::test_clamps_step_index_beyond_list
tests/pipeline/test_state_machine_heal.py::TestHealCurrentStep::test_step_index_zero_with_empty_step
tests/pipeline/test_state_machine_heal.py::TestHealCurrentStep::test_step_index_zero_not_healed
tests/pipeline/test_state_machine_heal.py::TestHealCurrentStep::test_no_change_when_current_step_already_set
tests/pipeline/test_state_machine_heal.py::TestHealCurrentStep::test_heals_empty_current_step_with_valid_index
tests/pipeline/test_state_machine_heal.py::TestHealCurrentStep::test_handles_step_index_beyond_list
tests/property/gates/test_capability_fs_properties.py::test_read_bytes_roundtrips
tests/property/gates/test_capability_fs_properties.py::test_path_outside_allow_root_denied
tests/property/gates/test_capability_fs_properties.py::test_read_text_roundtrips
tests/property/gates/test_capability_fs_properties.py::test_any_write_raises_permissionerror
tests/property/gates/test_capability_fs_properties.py::test_exists_and_list_dir_read_only
tests/unit/pipeline/test_context_curation.py::TestEndingDiversityEdgeCases::test_missing_chapter_file
tests/unit/pipeline/test_context_curation.py::TestEndingDiversityEdgeCases::test_ending_classifier_health_warning
tests/unit/pipeline/test_context_curation.py::TestCurateContext::test_curate_falls_back_to_minimal
tests/unit/pipeline/test_context_curation.py::TestCurateContext::test_curate_produces_nine_sections
tests/unit/pipeline/test_context_curation.py::TestEndingDiversity::test_consecutive_cliffhanger_warns
tests/unit/pipeline/test_context_curation.py::TestEndingDiversity::test_no_repetition_passes
tests/unit/pipeline/test_context_curation.py::TestEndingDiversity::test_too_few_chapters
tests/unit/pipeline/test_context_curation.py::TestHookDebtWithRealData::test_briefing_missing_files
tests/unit/pipeline/test_context_curation.py::TestHookDebtWithRealData::test_briefing_with_master_hooks
tests/unit/pipeline/test_context_curation.py::TestHookDebtWithRealData::test_briefing_with_inline_mh_hooks
tests/unit/pipeline/test_context_curation.py::TestHookDebtBriefing::test_empty_hooks
tests/unit/pipeline/test_adaptive_triggers.py::TestShouldRunStep::test_intent_management_gated_by_volume_boundary
tests/unit/pipeline/test_adaptive_triggers.py::TestShouldRunStep::test_non_conditional_step_always_runs
tests/unit/pipeline/test_adaptive_triggers.py::TestFileSnapshot::test_creates_timestamped_copy
tests/unit/pipeline/test_adaptive_triggers.py::TestAdaptiveRecall::test_hook_near_max_distance_triggers
tests/unit/pipeline/test_adaptive_triggers.py::TestAdaptiveRecall::test_no_hooks_returns_false
tests/unit/pipeline/test_adaptive_triggers.py::TestAdaptiveDrift::test_insufficient_scores_returns_false
tests/unit/pipeline/test_shared_cn_extractors.py::test_cn_volume_header_requires_colon
tests/unit/pipeline/test_shared_cn_extractors.py::test_real_fixture_bridge_density_probe
tests/unit/pipeline/test_shared_cn_extractors.py::test_read_chapter_node_rejects_bare_english_row
tests/unit/pipeline/test_shared_cn_extractors.py::test_resolve_contract_path_family_none_falls_back
tests/unit/pipeline/test_shared_cn_extractors.py::test_parse_path_context_tolerant_token_shapes
tests/unit/pipeline/test_shared_cn_extractors.py::test_cn_boundaries_section_cut_at_any_h2_header
tests/unit/pipeline/test_shared_cn_extractors.py::test_read_chapter_node_prefers_first_match
tests/unit/pipeline/test_shared_cn_extractors.py::test_read_bridges_full_width_range_form
tests/unit/pipeline/test_shared_cn_extractors.py::test_cn_chinese_numeral_volume_headers_parse
tests/unit/pipeline/test_shared_cn_extractors.py::test_bridges_for_chapter_includes_target_volume_label
tests/unit/pipeline/test_shared_cn_extractors.py::test_read_bridges_skips_sequel_rows_before_warn
tests/unit/gates/g4/test_anti_detect.py::test_fails_when_no_report_block
tests/unit/gates/g4/test_anti_detect.py::test_fails_when_no_techniques_in_report
tests/unit/gates/g4/test_anti_detect.py::test_skips_on_empty_fps
tests/unit/gates/g4/test_anti_detect.py::test_passes_with_report_and_table
tests/unit/gates/g4/test_anti_detect.py::test_fails_when_file_not_found
tests/property/drift/test_drift_properties.py::test_volume_decline_at_most_one_finding
tests/property/drift/test_drift_properties.py::test_volume_decline_iff_last_below_second_to_last
tests/property/drift/test_drift_properties.py::test_excluding_all_decline_indices_suppresses_finding
tests/property/drift/test_drift_properties.py::test_monotonic_decline_span_excludes_overridden
tests/unit/test_phase_runner.py::TestRunGateSubprocessContract::test_returns_fail_dict_on_invalid_json
tests/unit/test_phase_runner.py::TestRunGateSubprocessContract::test_returns_dict_with_status_key_on_valid_json
tests/unit/test_phase_runner.py::TestCmdFinalize::test_refuses_when_state_not_scored
tests/unit/test_phase_runner.py::TestCmdFinalize::test_blocks_when_g5_fails
tests/unit/test_phase_runner.py::TestCmdFinalize::test_transitions_scored_to_finalized_on_g5_pass
tests/unit/test_phase_runner.py::TestCmdFinalize::test_blocks_when_marker_missing
tests/unit/test_phase_runner.py::TestCmdFinalize::test_records_step_with_g5_status
tests/unit/test_phase_runner.py::TestNowIso::test_subsequent_calls_produce_non_decreasing_timestamps
tests/unit/test_phase_runner.py::TestNowIso::test_returns_iso_8601_with_timezone
tests/unit/test_phase_runner.py::TestSaveState::test_creates_phase_state_dir_if_missing
tests/unit/test_phase_runner.py::TestSaveState::test_writes_state_to_phase_state_subdir
tests/unit/test_phase_runner.py::TestLoadState::test_loads_existing_state_from_phase_state_dir
tests/unit/test_phase_runner.py::TestLoadState::test_returns_default_created_state_when_no_state_file
tests/unit/test_phase_runner.py::TestLoadState::test_state_file_path_uses_phase_name
tests/unit/test_phase_runner.py::TestMainCli::test_routes_start_command
tests/unit/test_phase_runner.py::TestMainCli::test_routes_pre_skill_command
tests/unit/test_phase_runner.py::TestMainCli::test_exits_when_no_command_given
tests/unit/test_phase_runner.py::TestMainCli::test_routes_unknown_command_to_error
tests/unit/test_phase_runner.py::TestMainCli::test_exits_when_round_dir_missing
tests/unit/test_phase_runner.py::TestCmdPreScore::test_refuses_when_state_not_started
tests/unit/test_phase_runner.py::TestCmdPreScore::test_supports_glob_pattern_expected_output
tests/unit/test_phase_runner.py::TestCmdPreScore::test_blocks_when_expected_output_missing
tests/unit/test_phase_runner.py::TestCmdPreScore::test_transitions_started_to_skills_done_when_all_markers_present
tests/unit/test_phase_runner.py::TestCmdPreScore::test_blocks_when_marker_missing
tests/unit/test_phase_runner.py::TestCmdPostSkill::test_runs_g2_and_g4_when_output_files_present
tests/unit/test_phase_runner.py::TestCmdPostSkill::test_blocks_when_g4_fails
tests/unit/test_phase_runner.py::TestCmdPostSkill::test_skips_g2_when_no_output_files
tests/unit/test_phase_runner.py::TestCmdPostSkill::test_refuses_when_state_not_started
tests/unit/test_phase_runner.py::TestCmdPostSkill::test_records_step_with_gate_statuses
tests/unit/test_phase_runner.py::TestRequireState::test_exits_with_error_when_state_not_expected
tests/unit/test_phase_runner.py::TestRequireState::test_error_message_includes_actual_state
tests/unit/test_phase_runner.py::TestRequireState::test_passes_silently_when_state_in_expected_list
tests/unit/test_phase_runner.py::TestRequireState::test_error_message_lists_expected_states
tests/unit/test_phase_runner.py::TestCmdPreSkill::test_refuses_when_state_not_started
tests/unit/test_phase_runner.py::TestCmdPreSkill::test_emits_execute_skill_action
tests/unit/test_phase_runner.py::TestCmdPreSkill::test_exits_when_skill_md_missing
tests/unit/test_phase_runner.py::TestCmdPreSkill::test_extracts_reads_writes_updates_from_frontmatter_contract
tests/unit/test_phase_runner.py::TestCmdPreSkill::test_returns_empty_lists_when_contract_is_empty
tests/unit/test_phase_runner.py::TestCmdPostScore::test_refuses_when_state_not_skills_done
tests/unit/test_phase_runner.py::TestCmdPostScore::test_records_step_with_scores_file_path
tests/unit/test_phase_runner.py::TestCmdPostScore::test_exits_when_scores_file_missing
tests/unit/test_phase_runner.py::TestCmdPostScore::test_transitions_skills_done_to_scored
tests/unit/test_phase_runner.py::TestPostSkillOutputDiscovery::test_post_skill_uses_derive_output_files_not_rglob
tests/unit/test_phase_runner.py::TestPostSkillOutputDiscovery::test_post_skill_passes_derived_file_type_not_hardcoded_chapter
tests/unit/test_phase_runner.py::TestCmdStart::test_records_start_step_with_g5_status
tests/unit/test_phase_runner.py::TestCmdStart::test_preserves_created_state_when_g5_blocks
tests/unit/test_phase_runner.py::TestCmdStart::test_transitions_created_to_started_on_g5_pass
tests/unit/test_phase_runner.py::TestCmdStart::test_blocks_when_g5_fails
tests/unit/test_phase_runner.py::TestCmdStart::test_refuses_when_already_started
tests/unit/test_phase_runner.py::TestCmdStart::test_emits_ok_status_with_started_state
tests/unit/contracts/test_enums.py::test_cpzone_members
tests/unit/contracts/test_enums.py::test_verdict_members
tests/unit/contracts/test_enums.py::test_severity_members
tests/unit/contracts/test_enums.py::test_all_enums_complete
tests/unit/contracts/test_enums.py::test_actor_role_members
tests/unit/dispatcher/test_executor_audit.py::test_dispatch_primitive_still_present
tests/unit/dispatcher/test_executor_audit.py::test_audit_blocks_on_undeclared_genre_key
tests/unit/dispatcher/test_executor_audit.py::test_audit_passes_on_allowed_genre_key_change
tests/pipeline/test_closure_context.py::test_escalation_genesis_wiring
tests/pipeline/test_closure_context.py::test_closure_g4_paths_resolved
tests/pipeline/test_closure_context.py::test_anchor_curate_wiring
tests/pipeline/test_closure_context.py::test_closure_step_contexts
tests/pipeline/test_closure_context.py::test_dispatch_skill_injects_context_line
tests/pipeline/test_closure_context.py::test_closure_prompt_build_all_steps
tests/pipeline/test_closure_context.py::test_escalation_genesis_sentinel
tests/pipeline/test_closure_context.py::test_anchor_curate_sentinel
tests/unit/gates/test_g0.py::TestG0ErrorPaths::test_g06_fails_when_project_root_not_writable
tests/unit/gates/test_g0.py::TestG0ErrorPaths::test_g07_warns_when_scoring_py_missing
tests/unit/gates/test_g0.py::TestG0ErrorPaths::test_gate_emits_gate_identifier_in_all_paths
tests/unit/gates/test_g0.py::TestG0ErrorPaths::test_g02_rejects_negative_target_words
tests/unit/gates/test_g0.py::TestG0ErrorPaths::test_g03_falls_back_to_chapter_word_floor_when_genre_config_missing
tests/unit/gates/test_g0.py::TestG0ErrorPaths::test_g05b_passes_on_consistent_rubric_and_skill_md
tests/unit/gates/test_g0.py::TestG0ErrorPaths::test_gate_emits_timestamp_in_all_paths
tests/unit/gates/test_g0.py::TestG0ErrorPaths::test_g02_rejects_non_numeric_target_words
tests/unit/gates/test_g0.py::TestG0HappyPath::test_g04_passes_on_clean_repo
tests/unit/gates/test_g0.py::TestG0HappyPath::test_g03_expected_chapters_via_genre_config
tests/unit/gates/test_g0.py::TestG0HappyPath::test_g06_passes_when_skill_output_writable
tests/unit/gates/test_g0.py::TestG0SeedFile::test_passes_when_target_words_present_and_positive
tests/unit/gates/test_g0.py::TestG0SeedFile::test_fails_when_seed_has_no_target_words
tests/unit/gates/test_g0.py::TestG0SeedFile::test_fails_when_target_words_is_zero
tests/unit/gates/test_g0.py::TestG0SeedFile::test_skips_when_no_seed_provided
tests/unit/gates/test_g0.py::TestG0SeedFile::test_fails_when_seed_file_missing
tests/unit/gates/test_g0.py::TestG0SeedFile::test_accepts_chinese_colon_in_target_words
tests/unit/gates/test_g0.py::test_g010_warns_when_fewer_than_total_skills_generative_reports
tests/unit/gates/test_g0.py::test_known_skill_names_is_single_source
tests/unit/gates/test_g0.py::test_g010_passes_when_total_skills_or_more_generative_reports
tests/unit/gates/test_g0.py::test_g015_gate_registry_consistency_passes_on_current_repo
tests/unit/contracts/test_ownership.py::test_genre_config_has_nine_write_keys
tests/unit/contracts/test_ownership.py::test_genre_field_level_rejects_undeclared_key
tests/unit/contracts/test_ownership.py::test_plant_rejects_modifying_existing_record
tests/unit/contracts/test_ownership.py::test_track_record_field_allows_state_only
tests/unit/contracts/test_ownership.py::test_plant_record_create_allows_new_record
tests/unit/contracts/test_ownership.py::test_track_rejects_creating_new_record
tests/unit/contracts/test_ownership.py::test_no_ownership_entry_returns_empty
tests/unit/contracts/test_ownership.py::test_genre_field_level_allows_declared_key
tests/unit/contracts/test_ownership.py::test_track_rejects_subtlety_change
tests/unit/pipeline/test_g4_classification.py::TestG4SeverityEnum::test_golden_is_warn
tests/unit/pipeline/test_g4_classification.py::TestG4SeverityEnum::test_transition_is_soft
tests/unit/pipeline/test_g4_classification.py::TestG4SeverityEnum::test_not_found_is_hard
tests/unit/pipeline/test_g4_classification.py::TestG4SeverityEnum::test_unknown_key_defaults_to_hard
tests/unit/pipeline/test_g4_classification.py::TestG4SeverityEnum::test_meta_is_hard
tests/unit/pipeline/test_g4_classification.py::TestG4SeverityEnum::test_fatigue_is_soft
tests/unit/pipeline/test_g4_classification.py::TestG4FailureClassification::test_all_soft_no_retry_needed
tests/unit/pipeline/test_g4_classification.py::TestG4FailureClassification::test_unmatched_falls_back_to_hard
tests/unit/pipeline/test_g4_classification.py::TestG4FailureClassification::test_hard_and_soft_split
tests/unit/pipeline/test_g4_classification.py::TestSoftFailTracker::test_window_prunes_stale_entries
tests/unit/pipeline/test_g4_classification.py::TestSoftFailTracker::test_single_occurrence_no_escalation
tests/unit/pipeline/test_g4_classification.py::TestSoftFailTracker::test_mixed_window
tests/unit/pipeline/test_g4_classification.py::TestSoftFailTracker::test_three_in_window_escalates
tests/unit/test_migrate_contract.py::test_migrate_is_noop_on_already_migrated_skill
tests/unit/contracts/test_graph.py::test_exact_concept_folds_to_declared_glob
tests/unit/contracts/test_graph.py::test_glob_match_folds_to_glob
tests/unit/contracts/test_graph.py::test_parametric_resolves_to_glob
tests/unit/pipeline/test_e2e.py::TestWave1E2E::test_review_without_checkpoint_fails
tests/unit/pipeline/test_e2e.py::TestWave1E2E::test_reject_then_retry_checkpoint
tests/unit/pipeline/test_e2e.py::TestWave1E2E::test_full_json_output_is_well_formed
tests/unit/pipeline/test_e2e.py::TestWave1E2E::test_init_then_status_flow
tests/unit/pipeline/test_e2e.py::TestWave1E2E::test_full_checkpoint_review_cycle
tests/unit/pipeline/test_e2e.py::TestWave1E2E::test_pipeline_state_persists_across_commands
tests/unit/pipeline/test_e2e.py::TestWave1E2E::test_project_has_all_expected_files
tests/unit/pipeline/test_e2e.py::TestEndToEndErrorPaths::test_next_blocked_at_checkpoint_then_unblocked
tests/unit/pipeline/test_e2e.py::TestEndToEndErrorPaths::test_review_on_missing_project
tests/unit/pipeline/test_e2e.py::TestEndToEndErrorPaths::test_status_on_missing_project
tests/unit/contracts/test_base.py::test_gate_outcome_factories
tests/unit/contracts/test_base.py::test_gate_outcome_frozen
tests/unit/contracts/test_base.py::test_pure_input_frozen
tests/unit/test_pricing_fail_loud.py::test_known_model_succeeds
tests/unit/test_pricing_fail_loud.py::test_unknown_model_raises
tests/unit/pipeline/test_parallel_dispatch_safety.py::TestParallelDispatchBoundary::test_write_shared_skill_rejected_from_parallel_path
tests/unit/pipeline/test_parallel_dispatch_safety.py::TestParallelDispatchBoundary::test_read_only_reviews_dispatch_in_parallel
tests/unit/pipeline/test_parallel_dispatch_safety.py::TestClassification::test_review_skills_are_read_only[shenbi-review-arc-payoff]
tests/unit/pipeline/test_parallel_dispatch_safety.py::TestClassification::test_review_skills_are_read_only[shenbi-review-resonance]
tests/unit/pipeline/test_parallel_dispatch_safety.py::TestClassification::test_review_skills_are_read_only[shenbi-review-anti-ai]
tests/unit/pipeline/test_parallel_dispatch_safety.py::TestClassification::test_shared_writers_must_serialize[shenbi-foreshadowing-track]
tests/unit/pipeline/test_parallel_dispatch_safety.py::TestClassification::test_shared_writers_must_serialize[shenbi-state-settling]
tests/unit/pipeline/test_parallel_dispatch_safety.py::TestClassification::test_unknown_skill_defaults_to_write_shared
tests/unit/pipeline/test_snapshot_pruning.py::TestPruneBoundary::test_no_overshoot_at_boundary
tests/unit/pipeline/test_snapshot_pruning.py::TestPruneBoundary::test_keeps_exactly_retention_chapters
tests/unit/pipeline/test_snapshot_pruning.py::TestPruneBoundary::test_empty_manifest_no_op
tests/unit/pipeline/test_snapshot_pruning.py::TestPruneBoundary::test_handles_gaps_in_chapter_numbers
tests/unit/pipeline/test_snapshot_pruning.py::TestPruneBoundary::test_under_cap_no_prune
tests/unit/gates/test_g0_config_coherence.py::TestG0Integration::test_gate_g0_surfaces_disabled_texture
tests/unit/gates/test_g0_config_coherence.py::TestCheckConfigCoherence::test_corrupt_json_config_treated_as_empty
tests/unit/gates/test_g0_config_coherence.py::TestCheckConfigCoherence::test_all_three_issue_types_simultaneously
tests/unit/gates/test_g0_config_coherence.py::TestCheckConfigCoherence::test_config_without_audit_dimensions_key
tests/unit/gates/test_g0_config_coherence.py::TestCheckConfigCoherence::test_non_critical_dimension_disabled_silent
tests/unit/gates/test_g0_config_coherence.py::TestCheckConfigCoherence::test_floor_none_skips_floor_checks
tests/unit/gates/test_g0_config_coherence.py::TestCheckConfigCoherence::test_clean_config_returns_no_issues
tests/unit/gates/test_g0_config_coherence.py::TestCheckConfigCoherence::test_missing_genre_config_is_silent
tests/unit/gates/test_g0_config_coherence.py::TestCheckConfigCoherence::test_disabled_critical_dimension_flags_issue
tests/unit/gates/test_g0_config_coherence.py::TestCheckConfigCoherence::test_floor_too_low_flags_issue
tests/unit/gates/test_g0_config_coherence.py::TestCheckConfigCoherence::test_threshold_mismatch_flags_issue
tests/unit/gates/test_g0_config_coherence.py::TestCheckConfigCoherence::test_floor_just_below_revision_trigger_flags
tests/unit/gates/test_g0_config_coherence.py::TestCheckConfigCoherence::test_floor_at_default_no_mismatch
tests/unit/gates/test_g0_config_coherence.py::TestCheckConfigCoherence::test_floor_at_exact_revision_trigger_not_too_low
tests/unit/gates/test_g0_config_coherence.py::TestCheckConfigCoherence::test_multiple_critical_dimensions_disabled
tests/unit/gates/test_g0_config_coherence.py::TestCheckConfigCoherence::test_floor_above_default_flags_mismatch
tests/unit/pipeline/test_chapter_loop.py::TestConditionalResolveIntegration::test_lifecycle_step_dispatches_via_parallel
tests/unit/pipeline/test_chapter_loop.py::TestConditionalResolveIntegration::test_track_step_with_triggered_hooks_dispatches_resolve
tests/unit/pipeline/test_chapter_loop.py::TestAuditLayerWiring::test_run_audit_layer_called_after_last_core_audit
tests/unit/pipeline/test_chapter_loop.py::TestAuditLayerWiring::test_audit_max_retries_triggers_escalation
tests/unit/pipeline/test_chapter_loop.py::TestAuditLayerWiring::test_audit_blocking_triggers_revision_dispatch
tests/unit/pipeline/test_chapter_loop.py::TestVolumeMapAlignment::test_alignment_check_passes_when_key_terms_present
tests/unit/pipeline/test_chapter_loop.py::TestVolumeMapAlignment::test_alignment_check_skips_when_no_volume_map
tests/unit/pipeline/test_chapter_loop.py::TestVolumeMapAlignment::test_alignment_check_warns_when_key_terms_missing
tests/unit/pipeline/test_chapter_loop.py::TestConditionalResolve::test_no_triggered_hooks_no_resolve
tests/unit/pipeline/test_chapter_loop.py::TestConditionalResolve::test_missing_hooks_file_no_crash
tests/unit/pipeline/test_chapter_loop.py::TestConditionalResolve::test_triggered_hooks_dispatch_resolve
tests/unit/pipeline/test_chapter_loop.py::TestRevisionRoutingIntegration::test_blocking_audits_route_revision
tests/unit/pipeline/test_chapter_loop.py::TestRevisionRoutingIntegration::test_check_resonance_wired_after_review
tests/unit/pipeline/test_chapter_loop.py::TestRevisionRoutingIntegration::test_revision_route_stored_in_chapter_state
tests/unit/pipeline/test_chapter_loop.py::TestRevisionRoutingIntegration::test_clean_audits_skip_revision
tests/unit/pipeline/test_chapter_loop.py::TestRevisionRoutingIntegration::test_clean_audits_dont_skip_snapshot_or_drift
tests/unit/pipeline/test_chapter_loop.py::TestEdgeCases::test_all_steps_consumed_returns_true
tests/unit/pipeline/test_chapter_loop.py::TestEdgeCases::test_pipeline_step_skips_dispatch
tests/unit/pipeline/test_chapter_loop.py::TestChapterSteps::test_state_settling_after_lifecycle
tests/unit/pipeline/test_chapter_loop.py::TestChapterSteps::test_review_resonance_present
tests/unit/pipeline/test_chapter_loop.py::TestChapterSteps::test_step_nums_are_sequential
tests/unit/pipeline/test_chapter_loop.py::TestChapterSteps::test_audit_steps_marked
tests/unit/pipeline/test_chapter_loop.py::TestChapterSteps::test_state_settling_checkpoint
tests/unit/pipeline/test_chapter_loop.py::TestChapterSteps::test_chapter_planning_checkpoint
tests/unit/pipeline/test_chapter_loop.py::TestChapterSteps::test_state_settling_has_staging
tests/unit/pipeline/test_chapter_loop.py::TestChapterSteps::test_audit_skills_present
tests/unit/pipeline/test_chapter_loop.py::TestChapterSteps::test_chapter_planning_has_staging
tests/unit/pipeline/test_chapter_loop.py::TestChapterSteps::test_context_assembly_before_drafting
tests/unit/pipeline/test_chapter_loop.py::TestChapterSteps::test_foreshadowing_lifecycle_after_planning
tests/unit/pipeline/test_chapter_loop.py::TestChapterSteps::test_step_count
tests/unit/pipeline/test_chapter_loop.py::TestChapterSteps::test_context_assemble_calls_assembly
tests/unit/pipeline/test_chapter_loop.py::TestScoringFailureWiring::test_exit_code_3_also_retries
tests/unit/pipeline/test_chapter_loop.py::TestScoringFailureWiring::test_exit_code_2_triggers_redispatch
tests/unit/pipeline/test_chapter_loop.py::TestCountTriggeredHooks::test_no_hooks
tests/unit/pipeline/test_chapter_loop.py::TestCountTriggeredHooks::test_yaml_frontmatter
tests/unit/pipeline/test_chapter_loop.py::TestCountTriggeredHooks::test_noncanonical_trigger_spelling_counted
tests/unit/pipeline/test_chapter_loop.py::TestCountTriggeredHooks::test_all_six_states_only_triggered_counted
tests/unit/pipeline/test_chapter_loop.py::TestCountTriggeredHooks::test_lowercase_triggered_counted
tests/unit/pipeline/test_chapter_loop.py::TestCountTriggeredHooks::test_malformed_yaml_falls_back
tests/unit/pipeline/test_chapter_loop.py::TestCountTriggeredHooks::test_expired_not_counted_as_triggered
tests/unit/pipeline/test_chapter_loop.py::TestCountTriggeredHooks::test_no_frontmatter_text_scan
tests/unit/pipeline/test_chapter_loop.py::TestContextAssembly::test_context_assembly_called
tests/unit/pipeline/test_chapter_loop.py::TestContextAssembly::test_context_assembly_failure_does_not_crash
tests/unit/pipeline/test_chapter_loop.py::TestResonanceScoreParser::test_parses_yaml_frontmatter
tests/unit/pipeline/test_chapter_loop.py::TestResonanceScoreParser::test_missing_file_returns_none
tests/unit/pipeline/test_chapter_loop.py::TestResonanceScoreParser::test_parses_bold_label
tests/unit/pipeline/test_chapter_loop.py::TestResonanceScoreParser::test_no_score_found_returns_none
tests/unit/pipeline/test_chapter_loop.py::TestResonanceScoreParser::test_parses_plain_label
tests/unit/pipeline/test_chapter_loop.py::TestGateFailurePaths::test_g3_fail_does_not_advance
tests/unit/pipeline/test_chapter_loop.py::TestStagingIntegration::test_staging_prompt_includes_staging_dir
tests/unit/pipeline/test_chapter_loop.py::TestStagingIntegration::test_staging_g4_validates_staging_path
tests/unit/pipeline/test_chapter_loop.py::TestStagingIntegration::test_chapter_planning_sets_checkpoint
tests/unit/pipeline/test_chapter_loop.py::TestResolveG4Files::test_non_state_settling_returns_single_file
tests/unit/pipeline/test_chapter_loop.py::TestResolveG4Files::test_state_settling_returns_staging_truth_files
tests/unit/pipeline/test_chapter_loop.py::TestResolveG4Files::test_state_settling_empty_staging_returns_empty
tests/unit/pipeline/test_chapter_loop.py::TestChapterCompletion::test_last_step_completes_chapter
tests/unit/pipeline/test_chapter_loop.py::TestChapterCompletion::test_completion_sets_per_chapter_checkpoint_when_enabled
tests/unit/pipeline/test_chapter_loop.py::TestChapterCompletion::test_completion_no_checkpoint_when_disabled
tests/unit/pipeline/test_chapter_loop.py::TestRetryEscalation::test_g4_fail_retries_then_escalates
tests/unit/pipeline/test_chapter_loop.py::TestRetryEscalation::test_dispatch_fail_retries_then_escalates
tests/unit/pipeline/test_chapter_loop.py::TestRetryEscalation::test_retry_count_reset_on_success
tests/unit/pipeline/test_chapter_loop.py::TestEscalationWiring::test_dispatch_escalation_called_before_checkpoint
tests/unit/pipeline/test_chapter_loop.py::TestRunChapterStep::test_records_step_done
tests/unit/pipeline/test_chapter_loop.py::TestRunChapterStep::test_g4_pass_is_str_enum
tests/unit/pipeline/test_chapter_loop.py::TestRunChapterStep::test_runs_step_and_advances
tests/unit/pipeline/test_chapter_loop.py::TestRunChapterStep::test_g4_fail_does_not_advance
tests/unit/pipeline/test_chapter_loop.py::TestRunChapterStep::test_dispatch_fail_does_not_advance
tests/unit/pipeline/test_chapter_loop.py::TestRunChapterStep::test_g3_checked_for_independent_skill
tests/unit/gates/test_g1.py::TestG1ErrorPaths::test_g11_fails_when_file_empty
tests/unit/gates/test_g1.py::TestG1ErrorPaths::test_g15_fails_when_lock_active
tests/unit/gates/test_g1.py::TestG1ErrorPaths::test_g13_fails_on_corrupt_yaml_frontmatter
tests/unit/gates/test_g1.py::TestG1ErrorPaths::test_g14_creates_bak_for_inplace_skill
tests/unit/gates/test_g1.py::TestG1ErrorPaths::test_g12_fails_on_corrupt_json
tests/unit/gates/test_g1.py::TestG1ErrorPaths::test_g15_passes_when_no_lock_file
tests/unit/gates/test_g1.py::TestG1ErrorPaths::test_g11_fails_when_file_not_found
tests/unit/gates/test_g1.py::TestG1SkillLookup::test_emits_valid_json_for_any_input
tests/unit/gates/test_g1.py::TestG1SkillLookup::test_fails_when_skill_name_unknown
tests/unit/gates/test_g1.py::TestG1SkillLookup::test_returns_unimplemented_for_skill_without_g1_checks
tests/unit/gates/test_g1.py::test_glob_expands_to_multiple_files
tests/unit/gates/test_g1.py::test_g15_passes_on_stale_lock
tests/unit/gates/test_g1.py::test_glob_unmatched_optional_dropped
tests/unit/gates/test_g1.py::test_glob_unmatched_required_surfaces_failure
tests/unit/gates/test_g1.py::test_compute_backup_targets_skips_non_backup_skill
tests/unit/gates/test_g1.py::test_compute_backup_targets_is_pure_decision
tests/unit/gates/test_g1.py::test_g14_creates_bak_for_inplace_skill
tests/unit/gates/test_g1.py::test_compute_backup_targets_empty_without_round_dir
tests/unit/gates/test_g1.py::test_g16_warns_when_scoring_history_not_a_list
tests/unit/gates/test_g1.py::test_g16_passes_when_scoring_history_is_list
tests/pipeline/test_retry.py::TestLLMStreamingRetry::test_no_retry_on_4xx_non_429
tests/pipeline/test_retry.py::TestLLMStreamingRetry::test_gives_up_after_3_failures
tests/pipeline/test_retry.py::TestLLMStreamingRetry::test_retries_on_timeout
tests/pipeline/test_retry.py::TestLLMStreamingRetry::test_retries_on_5xx
tests/pipeline/test_retry.py::TestLLMStreamingRetry::test_retries_on_429
tests/unit/skill_utils/test_compute_pattern.py::test_compute_entropy_distribution_freqs_sum_to_one
tests/unit/skill_utils/test_compute_pattern.py::test_compute_consecutive_resets_max_run_on_pattern_change
tests/unit/skill_utils/test_compute_pattern.py::test_compute_entropy_is_zero_for_single_repeated_pattern
tests/unit/skill_utils/test_compute_pattern.py::test_check_consecutive_above_threshold_high_warning
tests/unit/skill_utils/test_compute_pattern.py::test_patterns_constant_has_13_entries
tests/unit/skill_utils/test_compute_pattern.py::test_check_distribution_sparse_patterns_flagged
tests/unit/skill_utils/test_compute_pattern.py::test_classify_entropy_boundary_values
tests/unit/skill_utils/test_compute_pattern.py::test_compute_entropy_handles_empty_input
tests/unit/skill_utils/test_compute_pattern.py::test_check_distribution_returns_none_when_patterns_below_window
tests/unit/skill_utils/test_compute_pattern.py::test_classify_entropy_returns_severe_for_low_entropy
tests/unit/skill_utils/test_compute_pattern.py::test_compute_consecutive_all_unique_patterns_yields_all_ones
tests/unit/skill_utils/test_compute_pattern.py::test_classify_entropy_returns_excellent_for_high_entropy
tests/unit/skill_utils/test_compute_pattern.py::test_compute_transition_matrix_single_element_has_no_transitions
tests/unit/skill_utils/test_compute_pattern.py::test_classify_entropy_returns_healthy_for_mid_range
tests/unit/skill_utils/test_compute_pattern.py::test_classify_entropy_zero_falls_through
tests/unit/skill_utils/test_compute_pattern.py::test_compute_consecutive_detects_single_run
tests/unit/skill_utils/test_compute_pattern.py::test_compute_consecutive_handles_single_pattern
tests/unit/skill_utils/test_compute_pattern.py::test_compute_entropy_single_element_list_is_zero
tests/unit/skill_utils/test_compute_pattern.py::test_check_distribution_returns_pass_when_unique_meets_required
tests/unit/skill_utils/test_compute_pattern.py::test_compute_transition_matrix_returns_list_of_row_dicts
tests/unit/skill_utils/test_compute_pattern.py::test_compute_transition_matrix_handles_empty
tests/unit/skill_utils/test_compute_pattern.py::test_main_with_stdin_json
tests/unit/skill_utils/test_compute_pattern.py::test_compute_consecutive_returns_zero_for_empty
tests/unit/skill_utils/test_compute_pattern.py::test_check_consecutive_equal_threshold_med_warning
tests/unit/skill_utils/test_compute_pattern.py::test_compute_entropy_is_high_for_uniform_distribution
tests/unit/trace/test_materialize.py::test_materialize_partial_skill_per_phase_queue
tests/unit/trace/test_materialize.py::test_materialize_empty_trace
tests/unit/trace/test_materialize.py::test_materialize_from_init_and_marks
tests/unit/gates/test_g0_independence.py::test_report_skill_without_marker_fails
tests/unit/gates/test_g0_independence.py::test_report_skill_with_marker_ok
tests/unit/gates/test_g0_independence.py::test_artifact_skill_without_marker_ok
tests/unit/gates/test_g5_coverage.py::test_g53_detects_numeric_and_terminology_conflicts
tests/unit/gates/test_g4_score_checkers.py::test_score_volume_passes_with_sections
tests/unit/gates/test_g4_score_checkers.py::test_score_arc_fails_without_route_c
tests/unit/gates/test_g4_score_checkers.py::test_score_arc_passes_with_route_c_and_a
tests/unit/gates/test_g4_score_checkers.py::test_score_stratum_fails_without_route_c
tests/unit/gates/test_g5.py::TestG5PhaseCheck::test_handles_none_arguments
tests/unit/gates/test_g5.py::TestG5PhaseCheck::test_returns_str_for_any_phase_name
tests/unit/gates/test_g5.py::TestG5PhaseCheck::test_emits_valid_json_for_valid_args
tests/unit/gates/test_g5.py::TestG5PhaseCheck::test_handles_missing_round_dir
tests/unit/gates/test_g5.py::TestG5ErrorPaths::test_g5_none_round_dir_with_valid_phase
tests/unit/gates/test_g5.py::TestG5ErrorPaths::test_g5_prereq_score_below_threshold_fails
tests/unit/gates/test_g5.py::TestG5ErrorPaths::test_g5_conflict_detection_skips_without_project_dir
tests/unit/gates/test_g5.py::TestG5ErrorPaths::test_g5_cross_skill_char_role_conflict_detected
tests/unit/gates/test_g5.py::TestG5ErrorPaths::test_g5_missing_prereq_report_fails
tests/unit/gates/test_g5.py::TestG5ErrorPaths::test_g5_unknown_phase_fails
tests/unit/gates/test_g5.py::TestG5ErrorPaths::test_g5_corrupt_summary_json_falls_through
tests/unit/gates/test_g5.py::TestG5ErrorPaths::test_g5_glob_pattern_matching_passes
tests/unit/gates/test_g5.py::TestG5ErrorPaths::test_g5_terminology_drift_detected
tests/unit/gates/test_g5.py::TestG5ErrorPaths::test_g5_numeric_inconsistency_not_detected_pins_inert_behavior
tests/unit/gates/test_g5.py::TestG5ErrorPaths::test_g5_handoff_mismatch_detected
tests/unit/gates/test_g5.py::test_g5_returns_fail_not_crash_when_deps_json_malformed
tests/unit/cost/test_report.py::TestCli::test_main_returns_nonzero_on_missing_dir
tests/unit/cost/test_report.py::TestCli::test_main_returns_zero_on_existing
tests/unit/cost/test_report.py::TestRenderReport::test_report_on_empty_ledger
tests/unit/cost/test_report.py::TestRenderReport::test_report_has_total_and_breakdown
tests/unit/pipeline/test_last_snapshot.py::test_state_none_keeps_old_behavior
tests/unit/pipeline/test_last_snapshot.py::test_last_snapshot_set_with_chapter_path_timestamp
tests/unit/pipeline/test_last_snapshot.py::test_path_is_relative_to_project_dir
tests/integration/test_gate_cli.py::TestPhaseRunner::test_pre_score_rejects_missing_markers
tests/integration/test_gate_cli.py::TestPhaseRunner::test_wrong_order_rejected
tests/integration/test_gate_cli.py::TestPhaseRunner::test_start_creates_state_file
tests/integration/test_gate_cli.py::TestPhaseRunner::test_finalize_sets_state
tests/integration/test_gate_cli.py::TestPhaseRunner::test_post_skill_writes_step
tests/integration/test_gate_cli.py::TestG7AuditChecks::test_g716_missing_gate
tests/integration/test_gate_cli.py::TestG7AuditChecks::test_g716_incomplete_phase
tests/integration/test_gate_cli.py::TestG7AuditChecks::test_g716_passes_when_valid
tests/integration/test_gate_cli.py::TestIntegration::test_scoring_rejects_without_markers_accepts_with
tests/integration/test_gate_cli.py::TestIntegration::test_g7_detects_phase_without_finalized_state
tests/integration/test_gate_cli.py::TestIntegration::test_t3_marker_required_for_scoring
tests/integration/test_gate_cli.py::TestGateMarkers::test_g4_pass_writes_marker
tests/integration/test_gate_cli.py::TestGateMarkers::test_g4_no_round_dir_no_marker
tests/integration/test_gate_cli.py::TestGateMarkers::test_g4_fail_no_marker
tests/integration/test_gate_cli.py::TestGateMarkers::test_marker_contains_files_checked
tests/integration/test_gate_cli.py::TestScoringMarkers::test_no_round_dir_skips_check
tests/integration/test_gate_cli.py::TestScoringMarkers::test_present_marker_succeeds
tests/integration/test_gate_cli.py::TestScoringMarkers::test_missing_marker_exits_3
tests/unit/cost/test_ledger.py::TestRecord::test_record_missing_all_usage_fields_defaults_zero
tests/unit/cost/test_ledger.py::TestRecord::test_multiple_records_append
tests/unit/cost/test_ledger.py::TestRecord::test_record_appends_one_jsonl_line
tests/unit/cost/test_ledger.py::TestRecord::test_record_timestamp_is_iso8601_utc
tests/unit/cost/test_ledger.py::TestRecord::test_record_model_none_resolves_to_default
tests/unit/cost/test_ledger.py::TestRecord::test_record_returns_token_usage_record
tests/unit/cost/test_ledger.py::TestRecord::test_record_missing_total_tokens_defaults_zero
tests/unit/cost/test_ledger.py::TestSummarize::test_summarize_includes_cost_aggregation
tests/unit/cost/test_ledger.py::TestSummarize::test_summarize_empty_ledger
tests/unit/cost/test_ledger.py::TestSummarize::test_summarize_aggregates_by_skill_and_chapter
tests/unit/cost/test_ledger.py::TestIterRecords::test_iter_records_returns_token_usage_records
tests/unit/cost/test_ledger.py::TestIterRecords::test_iter_records_skips_corrupt_json_line
tests/unit/cost/test_ledger.py::TestIterRecords::test_iter_records_skips_malformed_record_wrong_keys
tests/unit/cost/test_ledger.py::TestIterRecords::test_iter_records_empty_file_returns_nothing
tests/unit/cost/test_ledger.py::TestIterRecords::test_iter_records_tolerates_blank_line
tests/property/cjk/test_tokenize_frozen.py::test_frozen_baseline_matches_jieba_0_42_1
tests/property/cjk/test_tokenize_frozen.py::test_frozen_pos_tags_match
tests/property/cjk/test_tokenize_frozen.py::test_tokenize_preserves_chars_concat
tests/property/cjk/test_tokenize_frozen.py::test_tokenize_concat_equals_input
tests/property/cjk/test_tokenize_frozen.py::test_tokenize_is_deterministic
tests/unit/gates/test_g1_fields.py::TestCheckFieldsExist::test_warns_when_json_key_missing
tests/unit/gates/test_g1_fields.py::TestCheckFieldsExist::test_warns_when_declared_field_missing_from_markdown
tests/unit/gates/test_g1_fields.py::TestCheckFieldsExist::test_no_warning_when_no_fields_declared
tests/unit/gates/test_g1_fields.py::TestCheckFieldsExist::test_no_warning_when_all_fields_present
tests/unit/test_phase_runner_property.py::test_load_state_default_phase_round_trips
tests/unit/test_phase_runner_property.py::test_save_preserves_arbitrary_step_count
tests/unit/test_phase_runner_property.py::test_save_then_load_preserves_state
tests/unit/test_phase_runner_property.py::test_consecutive_now_iso_calls_are_non_decreasing
tests/unit/test_phase_runner_property.py::test_now_iso_always_ends_with_utc_offset
tests/unit/test_phase_runner_property.py::test_state_persistence_round_trips_with_any_state
tests/unit/test_phase_runner_property.py::test_state_steps_are_preserved_in_order
tests/pipeline/test_g4_directory.py::test_empty_dir_fails
tests/pipeline/test_g4_directory.py::test_characters_dir_no_manifest_required
tests/pipeline/test_g4_directory.py::test_dir_with_files_and_manifest_passes
tests/pipeline/test_g4_directory.py::test_snapshot_dir_without_manifest_fails
tests/pipeline/test_g4_directory.py::test_closure_snapshot_dir_resolution
tests/unit/pipeline/test_cli_rollback_removed.py::TestRollbackRemoved::test_help_does_not_list_rollback
tests/unit/pipeline/test_cli_rollback_removed.py::TestRollbackRemoved::test_cmd_rollback_returns_nonzero
tests/gates/g4/test_title_check.py::TestChapterTitleValidation::test_warns_day_of_week_label
tests/gates/g4/test_title_check.py::TestChapterTitleValidation::test_handles_empty_previous_titles
tests/gates/g4/test_title_check.py::TestChapterTitleValidation::test_rejects_duplicate_title
tests/gates/g4/test_title_check.py::TestChapterTitleValidation::test_passes_poetic_single_character
tests/gates/g4/test_title_check.py::TestChapterTitleValidation::test_passes_poetic_two_character
tests/gates/g4/test_title_check.py::TestChapterTitleValidation::test_rejects_chapter_number_in_title
tests/gates/g4/test_title_check.py::TestChapterTitleValidation::test_warns_chinese_week_label
tests/pipeline/test_dispatch_helper_ledger.py::test_log_token_usage_handles_bare_usage_object
tests/pipeline/test_dispatch_helper_ledger.py::test_log_token_usage_skips_none_usage
tests/pipeline/test_dispatch_helper_ledger.py::test_record_token_usage_persists_to_ledger
tests/pipeline/test_dispatch_helper_ledger.py::test_record_token_usage_still_updates_in_memory_state
tests/pipeline/test_dispatch_helper_ledger.py::test_log_token_usage_handles_response_wrapper
tests/unit/test_scoring_anti_collapse.py::TestGateMarkers::test_t1_marker_missing
tests/unit/test_scoring_anti_collapse.py::TestGateMarkers::test_t2_marker_missing
tests/unit/test_scoring_anti_collapse.py::TestGateMarkers::test_non_tier_rubric_returns_empty
tests/unit/test_scoring_anti_collapse.py::TestGateMarkers::test_t3_marker_missing
tests/unit/test_scoring_anti_collapse.py::test_agreement_with_asymmetric_dimensions
tests/unit/test_scoring_anti_collapse.py::test_collapse_flagged_when_all_exactly_95
tests/unit/test_scoring_anti_collapse.py::test_collapse_not_flagged_for_empty_scores
tests/unit/test_scoring_anti_collapse.py::test_collapse_not_flagged_when_scores_vary
tests/unit/test_scoring_anti_collapse.py::test_collapse_flagged_when_majority_95
tests/unit/test_scoring_anti_collapse.py::test_agreement_fails_when_diff_exceeds_threshold
tests/unit/test_scoring_anti_collapse.py::test_agreement_pass_when_within_threshold
tests/contracts/test_cjk_normalization.py::TestCJKNormalization::test_normalizes_ideographic_space
tests/contracts/test_cjk_normalization.py::TestCJKNormalization::test_applies_nfkc_normalization
tests/contracts/test_cjk_normalization.py::TestCJKNormalization::test_strips_byte_order_mark
tests/contracts/test_cjk_normalization.py::TestCJKNormalization::test_strips_zero_width_non_joiner
tests/contracts/test_cjk_normalization.py::TestCJKNormalization::test_preserves_normal_text
tests/contracts/test_cjk_normalization.py::TestCJKNormalization::test_collapses_multiple_spaces
tests/contracts/test_cjk_normalization.py::TestCJKNormalization::test_strips_zero_width_joiner
tests/contracts/test_cjk_normalization.py::TestCJKNormalization::test_strips_zero_width_space
tests/contracts/test_cjk_normalization.py::TestCJKNormalization::test_strips_leading_trailing_whitespace
tests/unit/pipeline/test_context_persistence.py::test_curated_context_written_on_curation
tests/unit/pipeline/test_context_persistence.py::test_curated_context_uses_safe_write
tests/unit/pipeline/test_context_persistence.py::test_context_file_written_on_assembly
tests/unit/pipeline/test_context_persistence.py::test_context_file_fallback_written_when_assembly_throws
tests/pipeline/test_snapshot_diff.py::test_restore_restores_full_content_chapter_from_ring_buffer
tests/pipeline/test_snapshot_diff.py::test_hash_verification_detects_modification
tests/pipeline/test_snapshot_diff.py::test_recent_chapter_snapshot_stores_full_content_ring_buffer
tests/pipeline/test_snapshot_diff.py::test_differential_snapshot_stores_hashes_not_content
tests/pipeline/test_snapshot_diff.py::test_snapshot_restores_truth_files
tests/unit/gates/g4/test_genre_config.py::test_fails_when_chapter_types_out_of_range
tests/unit/gates/g4/test_genre_config.py::test_fails_on_banned_word_without_replacement
tests/unit/gates/g4/test_genre_config.py::test_fails_on_invalid_approval
tests/unit/gates/g4/test_genre_config.py::test_passes_on_valid_config
tests/unit/gates/g4/test_genre_config.py::test_fails_when_not_found
tests/unit/gates/g4/test_genre_config.py::test_fails_when_audit_dimensions_below_five
tests/pipeline/test_budgeted_truncate.py::test_high_priority_retains_more_than_low_priority
tests/pipeline/test_budgeted_truncate.py::test_budgeted_truncate_preserves_high_priority
tests/pipeline/test_budgeted_truncate.py::test_priority_weights_exist_for_all_keys
tests/unit/trace/test_writer.py::test_seq_monotonic_and_chained
tests/unit/trace/test_writer.py::test_new_writer_resumes_existing_trace
tests/unit/trace/test_writer.py::test_append_writes_jsonl_line
tests/unit/gates/test_g4_escalation_review.py::test_escalation_review_fails_missing_section
tests/unit/gates/test_g4_escalation_review.py::test_escalation_review_passes_with_all_sections
tests/unit/pipeline/test_state.py::TestPipelineStateSerialization::test_audit_retry_count_round_trip
tests/unit/pipeline/test_state.py::TestPipelineStateSerialization::test_checkpoint_round_trip
tests/unit/pipeline/test_state.py::TestPipelineStateSerialization::test_default_state
tests/unit/pipeline/test_state.py::TestPipelineStateSerialization::test_to_json_round_trip
tests/unit/pipeline/test_state.py::TestPipelineStateSerialization::test_audit_retry_count_default_is_zero
tests/unit/pipeline/test_state.py::TestPipelineStateSerialization::test_default_floor_matches_single_source_of_truth
tests/unit/pipeline/test_state.py::TestPipelineEnums::test_review_decision_values
tests/unit/pipeline/test_state.py::TestPipelineEnums::test_checkpoint_type_values
tests/unit/pipeline/test_state.py::TestPipelineEnums::test_pipeline_phase_values
tests/unit/pipeline/test_revision_safety.py::test_content_guard_skips_pre_rev_files
tests/unit/pipeline/test_revision_safety.py::test_backup_preserves_file_metadata
tests/unit/pipeline/test_revision_safety.py::test_content_guard_allows_legitimate_rewrite
tests/unit/pipeline/test_revision_safety.py::test_backup_overwrites_previous_backup
tests/unit/pipeline/test_revision_safety.py::test_content_guard_skips_non_chapter_md
tests/unit/pipeline/test_revision_safety.py::test_backup_skips_when_chapter_missing
tests/unit/pipeline/test_revision_safety.py::test_content_guard_blocks_tiny_overwrite
tests/unit/pipeline/test_revision_safety.py::test_content_guard_allows_new_files
tests/unit/pipeline/test_revision_safety.py::test_backup_creates_copy_of_chapter_file
tests/unit/pipeline/test_parallel_dispatch.py::TestRateLimiting::test_max_concurrency_is_reasonable
tests/unit/pipeline/test_parallel_dispatch.py::TestConsolidation::test_consolidate_all_success
tests/unit/pipeline/test_parallel_dispatch.py::TestConsolidation::test_consolidate_all_failed
tests/unit/pipeline/test_parallel_dispatch.py::TestConsolidation::test_consolidate_empty_results
tests/unit/pipeline/test_parallel_dispatch.py::TestConsolidation::test_consolidate_with_blocking
tests/unit/pipeline/test_parallel_dispatch.py::TestConsolidation::test_consolidate_critical_only
tests/unit/pipeline/test_parallel_dispatch.py::TestReviewTask::test_review_task_creation
tests/unit/skill_utils/test_revision_routing.py::test_preservation_fails_when_hook_lost
tests/unit/skill_utils/test_revision_routing.py::test_unmet_non_blocking_goal_routes_to_spot_fix
tests/unit/skill_utils/test_revision_routing.py::test_preservation_fails_when_change_lost
tests/unit/skill_utils/test_revision_routing.py::test_preservation_pass_when_all_items_retained
tests/unit/skill_utils/test_revision_routing.py::test_unmet_blocking_goal_routes_to_regenerate
tests/unit/skill_utils/test_revision_routing.py::test_unmet_blocking_plus_craft_routes_to_constrained_regenerate
tests/unit/skill_utils/test_revision_routing.py::test_empty_diagnosis_routes_to_spot_fix
tests/unit/skill_utils/test_revision_routing.py::test_preservation_fails_when_state_change_reverted
tests/unit/skill_utils/test_revision_routing.py::test_pure_craft_issues_route_to_spot_fix
tests/unit/gates/test_g0_dynamic_count.py::test_all_skills_is_dynamic_not_hardcoded
tests/unit/pipeline/test_transitions.py::test_chapter_to_closure_sets_closure_in_progress
tests/unit/pipeline/test_transitions.py::test_closure_to_completed_sets_closure_completed
tests/unit/pipeline/test_transitions.py::test_genesis_to_chapter_loop_preserves_skills_done
tests/unit/pipeline/test_transitions.py::test_closure_to_completed
tests/unit/pipeline/test_transitions.py::test_genesis_to_chapter_loop_marks_genesis_completed
tests/unit/pipeline/test_transitions.py::test_genesis_to_chapter_loop
tests/unit/pipeline/test_transitions.py::test_chapter_to_closure
tests/unit/pipeline/test_transitions.py::test_to_failed
tests/unit/trace/test_versioning.py::test_unknown_higher_version_fails
tests/unit/trace/test_versioning.py::test_migrate_old_to_current
tests/unit/trace/test_versioning.py::test_monotonic_ok
tests/unit/trace/test_versioning.py::test_monotonic_rejects_decrease
tests/pipeline/test_cn_extract.py::test_objective_bilingual_both_forms
tests/pipeline/test_cn_extract.py::test_bridges_aggregate_all_five_sections
tests/pipeline/test_cn_extract.py::test_chapter_node_multidigit_and_spaced
tests/pipeline/test_cn_extract.py::test_volume_context_real_names
tests/pipeline/test_cn_extract.py::test_context_assemble_volume_block_end_to_end
tests/pipeline/test_cn_extract.py::test_chapter_nodes_from_ch5_not_garbage
tests/pipeline/test_cn_extract.py::test_sequel_rows_excluded
tests/pipeline/test_cn_extract.py::test_bridges_window_boundary_inclusive
tests/pipeline/test_cn_extract.py::test_english_node_regression
tests/pipeline/test_cn_extract.py::test_vol1_bridge_surfaces_at_26_vol2_at_36_not_30
tests/unit/records/test_parser.py::test_parse_empty_init_fixture
tests/unit/records/test_parser.py::test_semantic_round_trip_on_fixture
tests/unit/records/test_parser.py::test_serialize_preserves_depends_on_list
tests/unit/records/test_parser.py::test_union_record_keys_are_sixteen
tests/unit/records/test_parser.py::test_parse_real_fixture_three_records
tests/unit/records/test_parser.py::test_extract_stops_before_next_header
tests/pipeline/test_executor_config.py::test_score_skills_have_low_temperature
tests/pipeline/test_executor_config.py::test_drafting_max_tokens_raised
tests/pipeline/test_executor_config.py::test_discriminative_review_queue_has_low_temperature
tests/unit/test_lint_no_fs_mutation.py::test_lint_passes_on_real_src
tests/unit/test_lint_no_fs_mutation.py::test_flags_write_bytes
tests/unit/test_lint_no_fs_mutation.py::test_allows_dynamic_mode_open
tests/unit/test_lint_no_fs_mutation.py::test_every_allowlisted_file_has_violations
tests/unit/test_lint_no_fs_mutation.py::test_flags_unlink
tests/unit/test_lint_no_fs_mutation.py::test_allows_open_read_default
tests/unit/test_lint_no_fs_mutation.py::test_flags_shutil_copy
tests/unit/test_lint_no_fs_mutation.py::test_allows_open_read_explicit
tests/unit/test_lint_no_fs_mutation.py::test_flags_builtin_open_write
tests/unit/test_lint_no_fs_mutation.py::test_flags_path_open_append
tests/unit/test_lint_no_fs_mutation.py::test_allows_builtin_open_read
tests/unit/test_lint_no_fs_mutation.py::test_flags_os_replace
tests/unit/test_lint_no_fs_mutation.py::test_flags_write_text
tests/unit/test_lint_no_fs_mutation.py::test_allows_json_dumps
tests/unit/test_lint_no_fs_mutation.py::test_allows_mkdir
tests/unit/test_lint_no_fs_mutation.py::test_allows_read_text
tests/unit/test_lint_no_fs_mutation.py::test_flags_nested_open_in_json_dump
tests/unit/test_lint_no_fs_mutation.py::test_flags_path_open_write
tests/unit/test_lint_no_fs_mutation.py::test_allows_os_path_exists
tests/unit/test_test_density.py::test_density_meets_minimum
tests/unit/audit/test_write_audit.py::test_track_skill_allowed_state_change
tests/unit/audit/test_write_audit.py::test_track_skill_blocked_subtlety_change
tests/unit/audit/test_write_audit.py::test_genre_skill_blocked_undeclared_key
tests/unit/audit/test_write_audit.py::test_undeclared_file_write_blocked
tests/unit/audit/test_write_audit.py::test_cross_section_drift_detected
tests/unit/audit/test_write_audit.py::test_genre_skill_allowed_key_change
tests/unit/pipeline/test_truth_embed.py::TestEmbeddingStore::test_store_and_retrieve_float32
tests/unit/pipeline/test_truth_embed.py::TestEmbeddingStore::test_get_missing_chunk_returns_none
tests/unit/pipeline/test_truth_embed.py::TestEmbeddingStore::test_upsert_replaces_existing_chunk
tests/unit/pipeline/test_truth_embed.py::TestDegradationPath::test_is_embed_available_returns_bool
tests/unit/pipeline/test_truth_embed.py::TestDegradationPath::test_embed_and_store_returns_false_when_unavailable
tests/unit/pipeline/test_truth_embed.py::TestCosineSimilarity::test_search_respects_top_k
tests/unit/pipeline/test_truth_embed.py::TestCosineSimilarity::test_search_empty_store_returns_empty
tests/unit/pipeline/test_truth_embed.py::TestCosineSimilarity::test_cosine_similarity_correct
tests/unit/pipeline/test_truth_embed.py::TestCosineSimilarity::test_identical_vectors_have_similarity_one
tests/unit/pipeline/test_truth_embed.py::TestCosineSimilarity::test_dimension_mismatch_skipped
tests/unit/gates/g4/test_faction_builder.py::test_fails_when_less_than_2_factions
tests/unit/gates/g4/test_faction_builder.py::test_fails_when_factions_file_missing
tests/unit/gates/g4/test_faction_builder.py::test_passes_with_2_complete_factions
tests/unit/dispatcher/test_executor_no_codex_api.py::TestNoCodexApiBranch::test_codex_api_mode_falls_through_to_internal
tests/unit/gates/test_g4_decisions.py::TestG4CompositeChecker::test_composite_passes_when_both_pass
tests/unit/gates/test_g4_decisions.py::TestG4CompositeChecker::test_composite_fails_when_second_fails
tests/unit/gates/test_g4_decisions.py::TestG4CompositeChecker::test_composite_fails_when_first_fails
tests/unit/gates/test_g4_decisions.py::TestG4CompositeChecker::test_composite_aggregates_must_fix_from_both
tests/unit/gates/test_g4_decisions.py::TestG4CompositeFilePartitioning::test_composite_partitions_json_away_from_structural_checker
tests/unit/gates/test_g4_decisions.py::TestG4CompositeFilePartitioning::test_composite_passes_with_mixed_md_and_json
tests/unit/gates/test_g4_decisions.py::TestG4DecisionsFailureIdFormat::test_must_fix_ids_are_single_prefixed
tests/unit/gates/test_g4_decisions.py::TestG4DecisionsNonJsonSkip::test_skips_markdown_files_without_crash
tests/unit/gates/test_g4_decisions.py::TestG4DecisionsNonJsonSkip::test_mixed_json_and_markdown_processes_only_json
tests/unit/gates/test_g4_decisions.py::TestG4DecisionsValidation::test_routine_low_severity_with_rationale_fails
tests/unit/gates/test_g4_decisions.py::TestG4DecisionsValidation::test_valid_decisions_passes
tests/unit/gates/test_g4_decisions.py::TestG4DecisionsValidation::test_adjustment_without_rationale_fails
tests/unit/gates/test_g4_decisions.py::TestG4DecisionsValidation::test_high_severity_without_rationale_fails
tests/unit/gates/test_g4_decisions.py::TestG4DecisionsValidation::test_manual_override_without_rationale_fails
tests/property/stats/test_entropy_properties.py::test_single_pattern_zero_entropy
tests/property/stats/test_entropy_properties.py::test_entropy_bounded_non_negative
tests/property/stats/test_entropy_properties.py::test_entropy_matches_recompute
tests/property/stats/test_entropy_properties.py::test_present_counts_sum_to_n
tests/unit/gates/g4/test_chapter_planning.py::test_fails_when_file_not_found
tests/unit/gates/g4/test_chapter_planning.py::test_skips_golden_for_non_123_chapters
tests/unit/gates/g4/test_chapter_planning.py::test_fails_when_less_than_8_sections
tests/unit/gates/g4/test_chapter_planning.py::test_passes_when_all_conditions_met
tests/unit/gates/g4/test_chapter_planning.py::test_fails_when_s5_choice_missing
tests/unit/gates/g4/test_chapter_planning.py::test_golden_3_checks_chapter_1_three_walls
tests/unit/gates/g4/test_chapter_planning.py::test_passes_with_all_8_sections
tests/unit/gates/g4/test_chapter_planning.py::test_skips_on_empty_fps
tests/unit/pipeline/test_dispatch_usage_capture.py::TestUsageCapture::test_usage_recorded_on_success
tests/unit/pipeline/test_dispatch_usage_capture.py::TestUsageCapture::test_missing_usage_does_not_crash
tests/pipeline/test_volume_align.py::test_extract_chapter_node
tests/pipeline/test_volume_align.py::test_extract_key_terms
tests/pipeline/test_volume_align.py::test_low_match_rate_warns
tests/pipeline/test_volume_align.py::test_high_match_rate_no_warning
tests/unit/pipeline/test_filelock_utils.py::TestFdLeakOnTimeout::test_write_lock_sets_fd_none_on_timeout
tests/unit/pipeline/test_filelock_utils.py::TestFdLeakOnTimeout::test_read_lock_sets_fd_none_on_timeout
tests/unit/pipeline/test_filelock_utils.py::TestFdLeakOnTimeout::test_write_lock_fd_closed_by_os_on_timeout
tests/unit/pipeline/test_filelock_utils.py::TestWriteLock::test_write_blocks_read
tests/unit/pipeline/test_filelock_utils.py::TestWriteLock::test_concurrent_writes_are_serialized
tests/unit/pipeline/test_filelock_utils.py::TestWriteLock::test_timeout_raises_timeout_error
tests/unit/pipeline/test_filelock_utils.py::TestWriteLock::test_acquire_and_release
tests/unit/pipeline/test_filelock_utils.py::TestLockFileCreation::test_same_lockfile_for_read_and_write
tests/unit/pipeline/test_filelock_utils.py::TestLockFileCreation::test_release_allows_reacquire
tests/unit/pipeline/test_filelock_utils.py::TestLockFileCreation::test_creates_parent_dir
tests/unit/pipeline/test_filelock_utils.py::TestReadLock::test_concurrent_reads_allowed
tests/unit/pipeline/test_filelock_utils.py::TestReadLock::test_read_blocks_write
tests/unit/skill_utils/test_trope_detection.py::test_fixture_overuse_detected_via_match_all
tests/unit/skill_utils/test_trope_detection.py::test_count_hits_matches_signature_keywords
tests/unit/skill_utils/test_trope_detection.py::test_load_trope_inventory_reads_fixture
tests/unit/skill_utils/test_trope_detection.py::test_trope_overuse_boundary_is_strict_greater
tests/unit/skill_utils/test_trope_detection.py::test_main_cli_outputs_json
tests/unit/skill_utils/test_trope_detection.py::test_fixture_selective_overuse_only_flagged_trope
tests/unit/skill_utils/test_trope_detection.py::test_overuse_flagged_above_threshold
tests/unit/skill_utils/test_trope_detection.py::test_fixture_overuse_result_carries_rewrite_hint
tests/unit/skill_utils/test_trope_detection.py::test_trope_is_frozen
tests/unit/skill_utils/test_trope_detection.py::test_count_hits_zero_when_no_signature_present
tests/unit/skill_utils/test_trope_detection.py::test_count_hits_empty_beats
tests/unit/skill_utils/test_trope_detection.py::test_fixture_cli_with_real_genre_config
tests/unit/skill_utils/test_trope_detection.py::test_fixture_clean_outline_no_overuse
tests/unit/skill_utils/test_trope_detection.py::test_count_hits_empty_signatures_never_matches
tests/unit/skill_utils/test_trope_detection.py::test_count_hits_each_beat_counted_at_most_once
tests/unit/skill_utils/test_trope_detection.py::test_match_all_full_report_structure
tests/unit/gates/g4/test_location_builder.py::test_fails_when_locations_missing
tests/unit/gates/g4/test_location_builder.py::test_fails_when_location_incomplete
tests/unit/gates/g4/test_location_builder.py::test_fails_when_no_location_sections
tests/unit/gates/g4/test_location_builder.py::test_passes_with_valid_location
tests/unit/pipeline/test_review_checklist.py::TestExtractEndingConstraints::test_returns_recent_ending_types
tests/unit/pipeline/test_review_checklist.py::TestFullChecklistPipeline::test_builds_checklist_with_all_extractors
tests/unit/pipeline/test_review_checklist.py::TestReviewChecklistGeneration::test_cache_mtime_freshness
tests/unit/pipeline/test_review_checklist.py::TestReviewChecklistGeneration::test_extracts_fatigue_words_from_genre_config
tests/unit/pipeline/test_review_checklist.py::TestReviewChecklistGeneration::test_graceful_degradation_missing_files
tests/unit/pipeline/test_review_checklist.py::TestReviewChecklistGeneration::test_generates_from_project_files
tests/unit/pipeline/test_review_checklist.py::TestSummarizeWorldRules::test_summarizes_rules_from_truth_files
tests/unit/pipeline/test_review_checklist.py::TestExtractHookDeliverables::test_returns_empty_when_no_hooks_file
tests/unit/pipeline/test_review_checklist.py::TestExtractHookDeliverables::test_extracts_planted_hooks
tests/unit/pipeline/test_review_checklist.py::TestExtractVoiceConstraints::test_returns_empty_when_no_voice_match
tests/unit/pipeline/test_review_checklist.py::TestExtractVoiceConstraints::test_extracts_voice_fingerprints_for_present_characters
tests/unit/pipeline/test_review_checklist.py::TestExtractVoiceConstraints::test_returns_empty_when_chapter_missing
tests/unit/pipeline/test_review_checklist.py::TestChecklistInjection::test_injects_json_block_into_prompt
tests/unit/pipeline/test_review_checklist.py::TestChecklistInjection::test_injection_preserves_original_prompt
tests/unit/pipeline/test_review_checklist.py::TestChecklistInjection::test_empty_checklist_still_injects_block
tests/unit/pipeline/test_review_checklist.py::TestGenreConfigLoader::test_returns_empty_dict_on_missing_file
tests/unit/pipeline/test_review_checklist.py::TestGenreConfigLoader::test_returns_empty_dict_on_invalid_json
tests/unit/pipeline/test_review_checklist.py::TestCacheInvalidation::test_missing_truth_dir_handled
tests/unit/pipeline/test_review_checklist.py::TestCacheInvalidation::test_stale_cache_regenerates
tests/unit/pipeline/test_review_checklist.py::TestChapterCharCount::test_missing_chapter_returns_zero
tests/gates/test_gate_manifest.py::test_record_and_retrieve_gate_result
tests/unit/test_coverage_thresholds.py::test_branch_coverage_meets_threshold
tests/unit/pipeline/test_chapter_loop.py::TestAuditCircleIntegration::test_last_audit_step_advances_past_audits
tests/unit/pipeline/test_chapter_loop.py::TestStateSettleFailureWiring::test_state_settle_failure_triggers_escalation

================================ tests coverage ================================
______________ coverage: platform darwin, python 3.11.14-final-0 _______________

Name                                                         Stmts   Miss Branch BrPart  Cover   Missing
--------------------------------------------------------------------------------------------------------
src/shenbi/__init__.py                                           1      0      0      0   100%
src/shenbi/audit/__init__.py                                     5      0      0      0   100%
src/shenbi/audit/_shared.py                                     21      8      2      0    57%   50-61
src/shenbi/audit/record.py                                      21     14      2      0    30%   28-61
src/shenbi/audit/snapshot.py                                    70     58     38      0    11%   26-29, 34-48, 56-60, 64-76, 82-94, 99-118
src/shenbi/audit/write_audit.py                                 43     33     16      0    17%   21-26, 30-36, 43-65
src/shenbi/capability_fs.py                                     29     16      0      0    45%   20, 23-29, 32, 35, 38, 41, 45, 48, 51, 54
src/shenbi/cli_utils.py                                          7      3      0      0    57%   20-22
src/shenbi/config/__init__.py                                    2      0      0      0   100%
src/shenbi/config/config_coherence.py                           56     37     20      0    25%   49-54, 58-63, 67-71, 81-92, 103-142
src/shenbi/config/thresholds.py                                 15      2      0      0    87%   89-90
src/shenbi/contracts/__init__.py                                 7      0      0      0   100%
src/shenbi/contracts/base.py                                    21      2      0      0    90%   35, 39
src/shenbi/contracts/enums.py                                    7      0      0      0   100%
src/shenbi/contracts/fields.py                                  60     48     26      0    14%   28-31, 35, 39-52, 56-64, 68-80, 85-91
src/shenbi/contracts/graph.py                                   16     11     12      0    18%   33-39, 56-59
src/shenbi/contracts/legacy.py                                 134     86     54      5    29%   55, 64-73, 83-88, 103, 106-107, 109, 112-113, 118-127, 133, 136, 139-140, 142, 150-190, 202-207, 216-229
src/shenbi/contracts/ownership.py                               45     24     22      0    31%   98, 110-136
src/shenbi/contracts/paths.py                                   82     53     32      0    25%   52-53, 66-81, 89, 104-121, 128-131, 135, 139-144, 148-152, 156-157, 162-165
src/shenbi/contracts/registry.py                                31     11      8      1    64%   27-37, 53->48, 63, 73-75
src/shenbi/contracts/schemas/__init__.py                         0      0      0      0   100%
src/shenbi/contracts/schemas/adapt.py                           20     10      4      0    42%   33, 57-66
src/shenbi/contracts/schemas/decisions.py                       62     17     10      0    62%   32-45, 57-59, 81-83
src/shenbi/contracts/schemas/deps.py                            31      4      4      0    77%   75-78
src/shenbi/contracts/schemas/hooks.py                           23     12     10      0    33%   47-61
src/shenbi/contracts/schemas/novel.py                           16      0      0      0   100%
src/shenbi/contracts/schemas/registry.py                        35      4      4      1    82%   85-87, 92
src/shenbi/contracts/schemas/scores.py                          23      0      0      0   100%
src/shenbi/contracts/schemas/state.py                           13      0      0      0   100%
src/shenbi/contracts/skills/__init__.py                          0      0      0      0   100%
src/shenbi/contracts/skills/_scoring_base.py                    34      7      2      0    75%   49-54, 60, 67, 74, 81
src/shenbi/contracts/skills/chapter_planning.py                 34     17     16      0    34%   28-36, 40-44, 48-57
src/shenbi/contracts/skills/context_composing.py                28     13     12      0    38%   25-27, 31-34, 38-43
src/shenbi/contracts/skills/foreshadowing_resolve.py            42     17     10      0    48%   36-40, 45, 59-67, 71-78
src/shenbi/contracts/skills/genre_config.py                     67     39     26      0    30%   41-46, 50-53, 57-64, 68-75, 79-82, 86-89, 93-103
src/shenbi/contracts/skills/pacing_design.py                    70     46     30      0    24%   30-34, 38-42, 46-50, 54-57, 61-63, 67-74, 79-125
src/shenbi/contracts/skills/score_arc.py                         2      0      0      0   100%
src/shenbi/contracts/skills/score_stratum.py                     2      0      0      0   100%
src/shenbi/contracts/skills/score_volume.py                      2      0      0      0   100%
src/shenbi/contracts/skills/volume_outlining.py                 30     14     10      0    40%   26-29, 33-37, 41-45
src/shenbi/contracts/skills/worldbuilding.py                     5      0      0      0   100%
src/shenbi/contracts/thresholds.py                               6      0      0      0   100%
src/shenbi/cost/__init__.py                                      0      0      0      0   100%
src/shenbi/cost/estimate.py                                     23     12      2      0    44%   30-32, 36, 44-59
src/shenbi/cost/ledger.py                                       76     49      8      0    32%   30-34, 54-57, 67-80, 84-99, 103-141
src/shenbi/cost/pricing.py                                      18     10      4      0    36%   35-37, 50-60
src/shenbi/cost/report.py                                       55     46     22      0    12%   22-35, 40-81, 85-97
src/shenbi/dispatcher/__init__.py                                0      0      0      0   100%
src/shenbi/dispatcher/cli.py                                    16     16      2      0     0%   6-29
src/shenbi/dispatcher/executor.py                              145    116     46      0    15%   44-48, 57-61, 66, 77-91, 106-116, 121-127, 132-147, 156-160, 167-230, 237-240, 252-291
src/shenbi/dispatcher/modes/__init__.py                          0      0      0      0   100%
src/shenbi/dispatcher/modes/codex.py                            63     50     12      0    17%   27-48, 53-117
src/shenbi/dispatcher/modes/codex_api.py                         7      1      0      0    86%   22
src/shenbi/dispatcher/modes/internal.py                          8      1      0      0    88%   22
src/shenbi/error_guidance.py                                    10      1      0      0    90%   57
src/shenbi/exceptions.py                                        49     15      4      1    66%   25, 29, 38-41, 56-63, 99-100, 137-146, 153
src/shenbi/gates/__init__.py                                     0      0      0      0   100%
src/shenbi/gates/cli.py                                         81     62     28      0    17%   57-150
src/shenbi/gates/g0.py                                         244    228    124      0     4%   61-68, 93-147, 162-682
src/shenbi/gates/g0_config_coherence.py                         28     19     12      0    22%   62-102
src/shenbi/gates/g0_purity.py                                   72     66     44      0     5%   20-51, 60-94, 107-139
src/shenbi/gates/g0_skill_contract.py                           61     51     30      0    11%   57-58, 63-75, 83-90, 100-137
src/shenbi/gates/g1.py                                         161    123     86      3    20%   56, 69->71, 72, 97-99, 117-144, 153-291
src/shenbi/gates/g2.py                                         171    157     78      0     6%   41-338, 349-379, 387-413
src/shenbi/gates/g3.py                                         135    125     60      0     5%   33-64, 71-234
src/shenbi/gates/g3_independence.py                             12      9      6      0    17%   20-28
src/shenbi/gates/g4/__init__.py                                  2      0      0      0   100%
src/shenbi/gates/g4/anti_detect.py                              27     22     12      0    13%   21-56
src/shenbi/gates/g4/book_spine_init.py                          23     23     16      0     0%   3-34
src/shenbi/gates/g4/chapter_drafting.py                        166    153     88      0     5%   38-55, 67-93, 98-110, 128-133, 138-166, 178-342
src/shenbi/gates/g4/chapter_planning.py                         50     45     24      0     7%   23-111
src/shenbi/gates/g4/chapter_revision.py                         33     27     16      0    12%   42-95
src/shenbi/gates/g4/character_design.py                        108    100     60      0     5%   25-174, 185-256
src/shenbi/gates/g4/context_composing.py                        53     45     28      0    10%   43-53, 63-124
src/shenbi/gates/g4/decisions_validator.py                      95     79     30      0    13%   39-60, 65-68, 84-138, 156-199
src/shenbi/gates/g4/escalation_review.py                        22     17     12      0    15%   18-34
src/shenbi/gates/g4/faction_builder.py                          35     28     14      0    14%   25-61
src/shenbi/gates/g4/foreshadowing_plant.py                      59     53     32      0     7%   23-104
src/shenbi/gates/g4/foreshadowing_track.py                      28     21     10      0    18%   25-70
src/shenbi/gates/g4/generic.py                                 214    195     90      0     6%   29-81, 91-128, 138-178, 197-221, 226-230, 235-252, 264-351, 356, 361
src/shenbi/gates/g4/genre_config.py                             26     19      6      0    22%   26-47
src/shenbi/gates/g4/length_normalizing.py                       31     27     16      0     9%   25-73
src/shenbi/gates/g4/location_builder.py                         36     29     14      0    14%   25-72
src/shenbi/gates/g4/memory_distill.py                           24     24     16      0     0%   3-36
src/shenbi/gates/g4/pacing_design.py                            30     22     12      0    19%   25-58
src/shenbi/gates/g4/plot_thread_weaver.py                       33     26     16      0    14%   23-63
src/shenbi/gates/g4/power_system.py                             38     31     18      0    12%   25-79
src/shenbi/gates/g4/relationship_map.py                         42     35     18      0    12%   25-74
src/shenbi/gates/g4/review_arc_payoff.py                        54     44     24      0    13%   45-112
src/shenbi/gates/g4/review_resonance.py                         55     44     26      0    14%   58-65, 77-129
src/shenbi/gates/g4/score_arc.py                                23     18     12      0    14%   18-35
src/shenbi/gates/g4/score_stratum.py                            23     18     12      0    14%   18-35
src/shenbi/gates/g4/score_volume.py                             23     18     12      0    14%   18-35
src/shenbi/gates/g4/state_settling.py                           67     60     50      0     6%   29-55, 65-163
src/shenbi/gates/g4/story_architecture.py                       51     44     24      0     9%   24-95
src/shenbi/gates/g4/style_polishing.py                          30     25     16      0    11%   23-66
src/shenbi/gates/g4/volume_outlining.py                         38     31     16      0    13%   25-81
src/shenbi/gates/g4/worldbuilding.py                            99     91     48      0     5%   26-168
src/shenbi/gates/g5.py                                         187    175     92      0     4%   34-304
src/shenbi/gates/g6.py                                         254    244    136      0     3%   33-442
src/shenbi/gates/g6_checks.py                                  153    147     90      0     2%   16-69, 87-157, 167-265
src/shenbi/gates/g7.py                                         185    178    112      0     2%   27-290
src/shenbi/gates/g7_trace.py                                    44     36     16      0    13%   18-28, 32-56
src/shenbi/gates/g_dispatch.py                                  23     17      4      0    22%   24-71
src/shenbi/gates/g_reconcile.py                                 48     42     30      0     8%   25-83
src/shenbi/gates/g_transition.py                                29     22      6      0    20%   24-93
src/shenbi/gates/gate_manifest.py                               55     41     10      0    22%   20-24, 29-35, 40-44, 60-90, 101-108
src/shenbi/gates/shared.py                                     125     90     34      0    22%   22-23, 41, 52-55, 67-75, 80-97, 104-122, 127-135, 140-146, 156-167, 174-179, 191-207, 212, 229-236, 319-331
src/shenbi/logging.py                                           10      3      0      0    70%   21-27
src/shenbi/orchestration/__init__.py                             0      0      0      0   100%
src/shenbi/orchestration/escalation_bridge.py                   20     15      8      0    18%   12-25, 37-38
src/shenbi/orchestration/scoring_bridge.py                       8      3      0      0    62%   14-15, 23
src/shenbi/paths.py                                             23     10      2      0    52%   20-24, 27-28, 31, 34-35
src/shenbi/phase_runner.py                                     203    175     56      0    11%   33, 37-40, 44-47, 51, 63-75, 85-95, 104-111, 115-130, 134-166, 185-231, 243-275, 279-301, 305-333, 337-384
src/shenbi/pipeline/__init__.py                                  0      0      0      0   100%
src/shenbi/pipeline/_shared.py                                 125     92     46      0    19%   76-85, 100-123, 128-136, 146-164, 176-189, 219-222, 241-258, 264, 272-279
src/shenbi/pipeline/audit_context_cache.py                      58     40     22      0    22%   30-42, 47-81, 86-88, 93-103
src/shenbi/pipeline/audit_layer.py                              72     47     22      0    27%   105-110, 119, 127-131, 139, 144, 162-195, 207-216
src/shenbi/pipeline/chapter_loop.py                           1115    986    436      0     8%   345-364, 374-390, 401, 444-461, 466-467, 509-521, 540, 545, 555-562, 572-584, 607-671, 676, 691-699, 712-743, 758-761, 770-781, 802-807, 822-828, 838-844, 860-889, 903-921, 930-964, 974-980, 989-992, 1004-1059, 1083-1151, 1164-1187, 1197-1225, 1240-1255, 1266-1281, 1294-1310, 1321-1349, 1371, 1386-1389, 1394-1396, 1404, 1409-1410, 1415-1416, 1429-1478, 1488-1494, 1507-1535, 1547-1579, 1615-1620, 1637-1638, 1672-1765, 1770-1772, 1777-1779, 1787-1789, 1794-1795, 1803-1827, 1839-1852, 1864-1869, 1886-1893, 1903-1934, 1950-1953, 1961, 1984-2014, 2029-2086, 2091-2101, 2106-2112, 2117-2124, 2138-2153, 2167-2200, 2212-2214, 2223-2256, 2261-2263, 2272-2294, 2314-2341, 2363-2374, 2379-2382, 2411-2466, 2482-2504, 2518-3090
src/shenbi/pipeline/checkpoint.py                               35     25      6      0    24%   28-29, 40-56, 66-72
src/shenbi/pipeline/cli.py                                     431    394    158      0     6%   85-101, 109-148, 153-155, 160-162, 176-323, 333-342, 352-379, 395-491, 496-521, 529-541, 551-565, 575-653, 664-686, 697-744, 754-858, 863-888, 900-911, 922-949, 954-1003
src/shenbi/pipeline/closure.py                                 120     91     46      0    17%   127-128, 133-135, 144-145, 152-163, 172-178, 187-199, 213-233, 238, 265-350
src/shenbi/pipeline/context_assemble.py                        160    117     32      0    22%   105, 110, 115-116, 121-133, 144-179, 184-196, 212-258, 267-276, 286-341, 354-357, 362-390
src/shenbi/pipeline/context_curation.py                        198    170     78      0    10%   95-115, 133-156, 166-192, 206-208, 235-291, 316-358, 367-384, 394-435, 454-485
src/shenbi/pipeline/crash_recovery.py                           79     62     14      0    18%   36-42, 50, 61-66, 72-75, 81-89, 102-151, 163-176
src/shenbi/pipeline/dispatch_helper.py                         762    654    302      0    10%   107-120, 128, 137-145, 162-164, 190-191, 203-208, 213-221, 226-234, 283-291, 299-317, 351-357, 367-369, 407-414, 422-424, 444-468, 480-499, 515-519, 557-785, 790, 826-869, 887, 895-899, 904-913, 923-935, 972-1000, 1015-1020, 1029-1036, 1041-1054, 1085-1207, 1233-1248, 1259-1270, 1294-1311, 1327-1346, 1359-1366, 1385-1389, 1408-1451, 1478, 1515-1692, 1701-1713, 1729-1812, 1858-1925, 1940-1963, 1977-2007, 2019-2031
src/shenbi/pipeline/error_handler.py                            39     28     10      0    22%   52-57, 71-81, 93-100, 110-124
src/shenbi/pipeline/filelock_utils.py                           81     58      2      0    28%   39-50, 55-57, 67-72, 84-88, 92-105, 109-116, 128-132, 136-149, 153-160
src/shenbi/pipeline/genesis.py                                 143    112     52      0    16%   111, 122-137, 153-178, 188-198, 203, 223-268, 278-283, 294-376
src/shenbi/pipeline/hook_planting.py                           104     90     44      0     9%   39-60, 75-88, 115-163, 182-185, 222-276
src/shenbi/pipeline/llm_output_integrity.py                     66     49     26      0    18%   80-94, 104-123, 128-136, 141-162, 167-184
src/shenbi/pipeline/machine.py                                  38     24      6      0    32%   26, 31-37, 42-45, 57-59, 76-94, 99
src/shenbi/pipeline/parallel_dispatch.py                        92     65     32      0    22%   77-128, 138-144, 164-188, 207-251
src/shenbi/pipeline/plan_skeleton.py                            55     47     22      0    10%   72-182, 197-199, 204-206, 211
src/shenbi/pipeline/review_checklist.py                        247    202     84      0    14%   78-120, 138-162, 175-177, 201-225, 235-244, 258-264, 274-275, 283-312, 324-375, 387-419, 424-434, 443-461, 487, 499, 509-521, 526-544, 548-553, 557, 561, 565-568
src/shenbi/pipeline/revision_router.py                          78     48     28      0    28%   94-106, 115-117, 137-141, 154-176, 196-214
src/shenbi/pipeline/scr_extractor.py                           221    168     76      0    18%   56-59, 68-129, 134-161, 166-183, 188-220, 225-239, 244-262, 267-286, 291-306, 311-315, 328-342, 350-363, 371-382, 387-388, 393-394, 399-406, 411-420, 428-466
src/shenbi/pipeline/seed_parser.py                              89     74     48      0    11%   57-68, 73-78, 89-95, 100-182
src/shenbi/pipeline/snapshot_diff.py                            89     74     46      0    11%   36-40, 51-63, 71, 82-127, 147-195
src/shenbi/pipeline/state.py                                   222     89     30      0    53%   116-118, 122, 132, 191-198, 202-208, 212-216, 220-222, 226, 229, 297, 301-321, 368-375, 387-401, 412-428, 447-462, 485-502, 521-522
src/shenbi/pipeline/state_heal.py                               53     40     14      0    19%   24-25, 30-42, 52-73, 78-95, 104-108
src/shenbi/pipeline/transitions.py                              29     20      0      0    31%   32-36, 50-52, 66-68, 82-83, 94-100
src/shenbi/pipeline/triggers.py                                156    107     56      0    23%   89, 101-121, 148, 316, 336-352, 362-364, 383-422, 443-462, 471-472, 505-625, 637
src/shenbi/pipeline/truth_embed.py                              94     63     10      0    30%   72, 93-96, 116-127, 140-148, 161-167, 171-176, 185-203, 207, 227-252
src/shenbi/pipeline/truth_index.py                             148    108     56      0    20%   51-59, 83, 103, 107, 125-131, 141-148, 153-159, 179-212, 226-231, 250-266, 271-280, 302-312, 325-328, 342-370
src/shenbi/pipeline/truth_io.py                                140    121     66      0     9%   64-70, 98-140, 150-165, 180-193, 209-224, 229-245, 252-270, 275-278
src/shenbi/pipeline/volume_align.py                             34     29     12      0    11%   9-23, 29-49, 54-74
src/shenbi/pipeline/write_safety.py                             13      5      4      0    47%   45-50
src/shenbi/plugins/__init__.py                                   0      0      0      0   100%
src/shenbi/plugins/generate.py                                  48     32     12      0    27%   26-34, 39, 48-53, 63-84, 88
src/shenbi/records/__init__.py                                   2      0      0      0   100%
src/shenbi/records/drift.py                                     55     47     30      0     9%   28-54, 64-69, 80-93
src/shenbi/records/parser.py                                    32     21      8      0    28%   27-34, 38-45, 50, 55, 62-64
src/shenbi/recovery.py                                           9      0      0      0   100%
src/shenbi/safe_write.py                                        76     66     10      0    12%   28-37, 54-91, 102-140
src/shenbi/scoring.py                                          297    273    162      0     5%   28-70, 75-99, 111-136, 141-159, 166-174, 178-184, 189-224, 237-247, 261-276, 283-463
src/shenbi/skill_utils/__init__.py                               0      0      0      0   100%
src/shenbi/skill_utils/calibration/__init__.py                   2      0      0      0   100%
src/shenbi/skill_utils/calibration/__main__.py                   2      2      0      0     0%   3-5
src/shenbi/skill_utils/calibration/confidence.py                22     11      2      0    46%   33-35, 40-74
src/shenbi/skill_utils/chapter_pattern/__init__.py               0      0      0      0   100%
src/shenbi/skill_utils/chapter_pattern/__main__.py               2      2      0      0     0%   3-5
src/shenbi/skill_utils/chapter_pattern/compute_pattern.py      106     88     46      0    12%   59-76, 81-104, 108-111, 116-121, 131-142, 147-158, 162-212
src/shenbi/skill_utils/drift_detection/__init__.py               3      0      0      0   100%
src/shenbi/skill_utils/drift_detection/__main__.py               2      2      0      0     0%   3-5
src/shenbi/skill_utils/drift_detection/baseline.py              28     21      8      0    19%   44-85
src/shenbi/skill_utils/drift_detection/compute_drift.py        155    126     68      0    13%   56-65, 83-134, 139-147, 156-158, 170-209, 214, 219-222, 227-233, 238-286
src/shenbi/skill_utils/drift_detection/linguistic_drift.py     158    130     52      0    13%   70-80, 90-91, 103-124, 156-179, 190-240, 251-253, 260-268, 278-311, 324-359
src/shenbi/skill_utils/escalation/__init__.py                    0      0      0      0   100%
src/shenbi/skill_utils/escalation/__main__.py                    2      2      0      0     0%   3-5
src/shenbi/skill_utils/escalation/check.py                      49     38     16      0    17%   39-50, 69-120, 125-149
src/shenbi/skill_utils/foreshadowing_recall/__init__.py          0      0      0      0   100%
src/shenbi/skill_utils/foreshadowing_recall/__main__.py          2      2      0      0     0%   3-5
src/shenbi/skill_utils/foreshadowing_recall/recall.py           26     20      8      0    18%   36-48, 53-61
src/shenbi/skill_utils/review_resonance/__init__.py              2      0      0      0   100%
src/shenbi/skill_utils/review_resonance/__main__.py              2      2      0      0     0%   3-5
src/shenbi/skill_utils/review_resonance/routing.py              57     31     12      0    38%   77-99, 126-129, 143-202
src/shenbi/skill_utils/revision_routing/__init__.py              0      0      0      0   100%
src/shenbi/skill_utils/revision_routing/__main__.py             10     10      0      0     0%   3-17
src/shenbi/skill_utils/revision_routing/preserve_check.py       19     16     10      0    10%   35-54
src/shenbi/skill_utils/revision_routing/route.py                16      8      4      0    40%   39-48
src/shenbi/skill_utils/style_learning/__init__.py                0      0      0      0   100%
src/shenbi/skill_utils/style_learning/__main__.py                2      2      0      0     0%   3-5
src/shenbi/skill_utils/style_learning/compute_stats.py         237    209    104      0     8%   59-75, 80-90, 95-98, 110-134, 147-156, 171-196, 209-216, 221-229, 234-247, 252-281, 286-291, 296-304, 313-327, 332-336, 366-392
src/shenbi/skill_utils/trope_detection/__init__.py               2      0      0      0   100%
src/shenbi/skill_utils/trope_detection/__main__.py               2      2      0      0     0%   3-5
src/shenbi/skill_utils/trope_detection/match_tropes.py          50     25      6      0    45%   46-50, 55, 60-62, 75-87, 92-93, 97-121
src/shenbi/status.py                                            45      0      0      0   100%
src/shenbi/sync_contracts.py                                   103     78     36      0    18%   36-48, 57-73, 86-92, 112-121, 128-134, 144-155, 159-160, 165-203
src/shenbi/text/__init__.py                                      3      0      0      0   100%
src/shenbi/text/cjk.py                                          46     23     12      0    40%   29-41, 67, 79-82, 100-104
src/shenbi/trace/__init__.py                                     8      0      0      0   100%
src/shenbi/trace/compaction.py                                  52     44     18      0    11%   24-72, 77-91
src/shenbi/trace/event.py                                       35      9      2      0    70%   35-36, 42-44, 48, 71-73
src/shenbi/trace/materialize.py                                 39     28      8      0    23%   19, 23, 28, 44-101
src/shenbi/trace/migrate.py                                     21     13      6      0    30%   18-30
src/shenbi/trace/replay.py                                      34     27     10      0    16%   16-17, 21-49
src/shenbi/trace/versioning.py                                  23     15      8      0    26%   15, 22-30, 34-38
src/shenbi/trace/writer.py                                      51     36     10      0    25%   28-37, 42-44, 47-49, 52-57, 60, 63, 77-100
--------------------------------------------------------------------------------------------------------
TOTAL                                                        12981  10135   4876     11    16%
Coverage HTML written to dir tests/coverage
Coverage XML written to file tests/coverage/coverage.xml
FAIL Required test coverage of 85.0% not reached. Total coverage: 16.08%
3264 tests collected in 8.00s
